date,type,title,target_keyword,brief,visual_concept
2026-03-10 13:48,blog,Beyond LinkedIn: How B2B SaaS Brands Drive 50% Lower CPCs with Niche Channels,B2B SaaS advertising ROI,This post analyzes the common challenges B2B SaaS marketers face with rising LinkedIn CPCs and declining lead quality. It presents alternative strategies, specifically highlighting how specialized channels like TLDR offer targeted audience access and superior ROI, backed by real case studies.,Case Study
2026-03-10 13:48,blog,The 5-Minute Daily Habit That Keeps 7M Tech Pros Ahead of the Curve,tech news curation,In an age of information overload, tech professionals struggle to stay current without wasting hours. This post explores the problem of fragmented news consumption and introduces a proven method for getting all the essential tech updates in just 5 minutes daily, focusing on curated signal over noise.,How-To
2026-03-10 13:48,blog,Unlock the Unreachable: How Niche Newsletters Deliver 7M Technical Decision-Makers,developer marketing channels,Discover why generic programmatic and broad social ads fail to connect with highly specialized tech professionals like AI engineers, DevOps leads, or CTOs. This article explains how hyper-targeted newsletters provide unparalleled audience concentration and engagement, leading to superior campaign results.,Opinion
2026-03-10 13:48,social,Stop scrolling Hacker News for 45 minutes. Start reading TLDR for 5. Your daily edge in tech, free.,N/A,A split image: one side shows a blurry phone screen with endless scrolling, the other shows a clean, crisp TLDR newsletter on a desktop with a clock icon showing '5 min'.
2026-03-10 13:48,social,Tired of $10+ LinkedIn CPCs? Our advertisers see 50% lower costs and up to 52x ROI targeting tech professionals.,N/A,A graph comparing LinkedIn CPC (high bar) vs. TLDR CPC (low bar), with a callout box showing "52x ROI" and a dollar sign.
2026-03-10 13:48,social,Join 7M tech professionals who get their daily briefing from TLDR. The newsletter your CTO already reads.,N/A,A collage of various tech professional icons (developer, PM, exec) with "7M+" prominently displayed, maybe a subtle background of tech company logos.
2026-03-10 13:48,social,Need to reach AI engineers, DevOps leads, or startup founders? We've got 12 specialized newsletters for that. Zero wasted impressions.,N/A,An infographic showing the 12 newsletter logos, with a spotlight on "TLDR AI," "TLDR DevOps," "TLDR Founders."
2026-03-10 13:48,social,No algorithms, no clickbait, no fluff. Just the tech stories that matter, curated by humans. Get the signal, skip the noise.,N/A,An image contrasting a chaotic, cluttered social media feed with a clean, minimalist TLDR newsletter snippet, perhaps with a hand pointing from the noise to the signal.
2026-03-16 01:12,blog,Why Newsletter Sponsorship is the New Performance Frontier for B2B Tech Marketers,tech newsletter advertising,Explores the growing trend of B2B tech companies shifting ad spend from crowded platforms to high-attention newsletters. We'll detail why this channel delivers superior ROI and engagement for reaching technical professionals.,Opinion
2026-03-16 01:12,blog,Beyond the Scroll: How Top Tech Pros Master Their Daily Information Flow,daily tech news habit,Discover how senior engineers and tech executives efficiently stay informed without succumbing to information overload. This article shares strategies for cutting through the noise and focusing on the most relevant industry developments.,How-To
2026-03-16 01:12,blog,Unlock Hyper-Targeted Audiences: The Power of Niche Newsletter Advertising for DevTools,developer tool marketing,Explores how developer tool companies can leverage highly segmented newsletters (like TLDR Dev, TLDR AI, TLDR DevOps) to reach specific technical audiences with precision, avoiding broad and inefficient ad spend.,How-To
2026-03-16 01:12,social,Tired of spending an hour on tech news every morning? Get caught up in 5 minutes, free. What would you do with that extra time?,A clock showing 5 minutes, with a tech professional looking relaxed, enjoying coffee or doing something productive.
2026-03-16 01:12,social,What if your ad spend reached actual tech buyers, not just LinkedIn scrollers? Discover the channel delivering up to 52x ROI for B2B SaaS.,A graph showing a steep ROI curve, with a LinkedIn logo crossed out and a TLDR logo highlighted.
2026-03-16 01:12,social,What's the one newsletter 7M+ tech pros, including your CTO, read daily to stay sharp? Hint: it's free.,An illustration of a diverse group of tech professionals (engineer, PM, CTO) looking informed and engaged, with a subtle TLDR logo.
2026-03-16 01:12,social,Tired of your message getting lost in the social media feed abyss? We guarantee your ad is one of max 3 per newsletter, reaching 40-48% open rates.,A split image: one side shows a chaotic, cluttered social media feed, the other a clean, focused newsletter with a prominent ad placement.
2026-03-16 01:12,social,Algorithms feed you engagement bait. Our human editors feed you the signal. Get unbiased, curated tech news daily.,An artistic representation of a hand carefully selecting and presenting a few key articles from a vast, noisy pile of information.
2026-03-16 01:16,blog,Beyond the Big Tech Platforms: Unlocking ROI with Niche Newsletter Advertising,niche newsletter advertising B2B tech,This article will explore why traditional paid social platforms are increasingly inefficient for B2B tech brands trying to reach technical decision-makers, and how highly-curated newsletters like TLDR offer a superior, high-ROI alternative with lower CPCs.,N/A
2026-03-16 01:16,blog,The Signal, Not the Noise: Why Human-Curated Content is Critical for Tech Professionals,human-curated tech news,In an era of information overload and algorithmic feeds, this piece highlights the enduring value of human curation for tech professionals seeking genuine signal. It will discuss how this focus benefits both readers and advertisers by fostering high engagement.,N/A
2026-03-16 01:16,blog,From Banner Blindness to Brand Brilliance: Maximizing Attention in Developer Marketing,developer marketing strategy,This blog post will delve into the challenges of reaching ad-averse developers through conventional advertising. It will argue for the effectiveness of native, low-density ad placements within trusted editorial content as a path to higher attention and conversion.,N/A
2026-03-16 01:16,social,Tired of $10+ LinkedIn CPCs for your tech audience? Our advertisers see 50% lower costs and up to 52x ROI. Learn how.,N/A,Graph comparing average LinkedIn CPC vs. TLDR effective CPC with clear ROI figures.
2026-03-16 01:16,social,Stop scrolling Hacker News for 45 minutes. Get fully caught up on tech in 5 minutes. Your daily edge is free.,N/A,Split screen: one side showing a cluttered social media feed, the other a clean, concise TLDR newsletter snippet.
2026-03-16 01:16,social,Want to reach 7M+ tech professionals without your message getting lost? We guarantee your ad is one of maximum 3 per newsletter.,N/A,An infographic illustrating the low ad density in TLDR newsletters compared to crowded online platforms.
2026-03-16 01:16,social,The newsletter your CTO already reads. Join 7M+ tech pros who get their daily briefing in 5 minutes. Free to join.,N/A,A professional-looking person (e.g., CTO archetype) focused on reading a newsletter on a tablet or phone.
2026-03-16 01:16,social,Delve drove $1M in pipeline with 52x ROI. Plaid added $382K with 20x ROI. Is your marketing channel doing this?,N/A,A compelling graphic featuring logos of notable advertisers alongside their attributed ROI or pipeline figures.
