URL,Source
https://www.numeral.com,sitemap
https://www.numeral.com/about,sitemap
https://www.numeral.com/careers,sitemap
https://www.numeral.com/case-studies,sitemap
https://www.numeral.com/avalara-alternative,sitemap
https://www.numeral.com/taxjar-alternative,sitemap
https://www.numeral.com/blog,sitemap
https://www.numeral.com/pricing,sitemap
https://www.numeral.com/demo,sitemap
https://www.numeral.com/reviews,sitemap
https://www.numeral.com/partner-program,sitemap
https://www.numeral.com/legal/guarantee,sitemap
https://www.numeral.com/legal/privacy-policy,sitemap
https://www.numeral.com/legal/referral-terms,sitemap
https://www.numeral.com/legal/terms-of-service,sitemap
https://www.numeral.com/blog/alabama-sales-tax-guide,sitemap
https://www.numeral.com/blog/alaska-sales-tax-guide,sitemap
https://www.numeral.com/blog/anrok-alternatives,sitemap
https://www.numeral.com/blog/anrok-vs-taxjar,sitemap
https://www.numeral.com/blog/arizona-sales-tax-guide,sitemap
https://www.numeral.com/blog/arkansas-sales-tax-guide,sitemap
https://www.numeral.com/blog/austria-vat-rates-and-compliance,sitemap
https://www.numeral.com/blog/avalara-vs-anrok,sitemap
https://www.numeral.com/blog/avalara-vs-sovos,sitemap
https://www.numeral.com/blog/avalara-vs-stripe-tax,sitemap
https://www.numeral.com/blog/avalara-vs-vertex,sitemap
https://www.numeral.com/blog/belgium-vat-rates-and-compliance,sitemap
https://www.numeral.com/blog/best-sales-tax-apps-for-shopify,sitemap
https://www.numeral.com/blog/bulgaria-vat-rates-and-compliance,sitemap
https://www.numeral.com/blog/california-sales-tax-guide,sitemap
https://www.numeral.com/blog/california-sales-tax-rules-for-online-sellers,sitemap
https://www.numeral.com/blog/campfire-partnership,sitemap
https://www.numeral.com/blog/collect-sales-tax-when-selling-online,sitemap
https://www.numeral.com/blog/connecticut-sales-tax-guide,sitemap
https://www.numeral.com/blog/croatia-vat-rates-and-compliance,sitemap
https://www.numeral.com/blog/czech-republic-vat-rates-and-compliance,sitemap
https://www.numeral.com/blog/delaware-sales-tax-guide,sitemap
https://www.numeral.com/blog/denmark-vat-rates-and-compliance,sitemap
https://www.numeral.com/blog/do-you-charge-sales-tax-on-items-shipped-out-of-state,sitemap
https://www.numeral.com/blog/does-shopify-collect-and-remit-sales-tax,sitemap
https://www.numeral.com/blog/dropshipping-and-sales-tax,sitemap
https://www.numeral.com/blog/ecommerce-sales-tax,sitemap
https://www.numeral.com/blog/ecommerce-sales-tax-software,sitemap
https://www.numeral.com/blog/economic-nexus,sitemap
https://www.numeral.com/blog/estonia-vat-rates-and-compliance,sitemap
https://www.numeral.com/blog/file-a-sales-tax-return-in-iowa,sitemap
https://www.numeral.com/blog/file-a-sales-tax-return-in-michigan,sitemap
https://www.numeral.com/blog/file-sales-tax-in-maryland,sitemap
https://www.numeral.com/blog/file-sales-tax-in-texas,sitemap
https://www.numeral.com/blog/finland-vat-rates-and-compliance,sitemap
https://www.numeral.com/blog/florida-sales-tax-guide,sitemap
https://www.numeral.com/blog/france-vat-rates-and-compliance,sitemap
https://www.numeral.com/blog/georgia-sales-tax-guide,sitemap
https://www.numeral.com/blog/germany-vat-rates-and-compliance,sitemap
https://www.numeral.com/blog/hawaii-sales-tax-guide,sitemap
https://www.numeral.com/blog/home-rule-states-sales-tax,sitemap
https://www.numeral.com/blog/how-to-determine-nexus-with-every-state,sitemap
https://www.numeral.com/blog/how-to-speak-to-an-actual-human-about-sales-tax,sitemap
https://www.numeral.com/blog/hungary-vat-rates-and-compliance,sitemap
https://www.numeral.com/blog/idaho-sales-tax-guide,sitemap
https://www.numeral.com/blog/illinois-sales-tax-guide,sitemap
https://www.numeral.com/blog/import-one-stop-shop-ioss,sitemap
https://www.numeral.com/blog/indiana-sales-tax-guide,sitemap
https://www.numeral.com/blog/iowa-sales-tax-guide,sitemap
https://www.numeral.com/blog/ireland-vat-rates-and-compliance,sitemap
https://www.numeral.com/blog/is-shopify-a-marketplace-facilitator,sitemap
https://www.numeral.com/blog/italy-vat-rates-and-compliance,sitemap
https://www.numeral.com/blog/kansas-sales-tax-guide,sitemap
https://www.numeral.com/blog/kentucky-sales-tax-guide,sitemap
https://www.numeral.com/blog/latvia-vat-rates-and-compliance,sitemap
https://www.numeral.com/blog/lithuania-vat-rates-and-compliance,sitemap
https://www.numeral.com/blog/louisiana-sales-tax-guide,sitemap
https://www.numeral.com/blog/luxembourg-vat-rates-and-compliance,sitemap
https://www.numeral.com/blog/maine-sales-tax-guide,sitemap
https://www.numeral.com/blog/malta-vat-rates-and-compliance,sitemap
https://www.numeral.com/blog/managing-sales-tax-for-digital-goods-on-shopify,sitemap
https://www.numeral.com/blog/marketplace-facilitator,sitemap
https://www.numeral.com/blog/maryland-sales-tax-guide,sitemap
https://www.numeral.com/blog/massachusetts-sales-tax-guide,sitemap
https://www.numeral.com/blog/merchant-of-record-gaming,sitemap
https://www.numeral.com/blog/merchant-of-record-saas,sitemap
https://www.numeral.com/blog/michigan-sales-tax-guide,sitemap
https://www.numeral.com/blog/minnesota-sales-tax-guide,sitemap
https://www.numeral.com/blog/mississippi-sales-tax-guide,sitemap
https://www.numeral.com/blog/missouri-sales-tax-guide,sitemap
https://www.numeral.com/blog/montana-sales-tax-guide,sitemap
https://www.numeral.com/blog/nebraska-sales-tax-guide,sitemap
https://www.numeral.com/blog/netherlands-vat-rates-and-compliance,sitemap
https://www.numeral.com/blog/new-hampshire-sales-tax-guide,sitemap
https://www.numeral.com/blog/new-jersey-sales-tax-guide,sitemap
https://www.numeral.com/blog/new-mexico-sales-tax-guide,sitemap
https://www.numeral.com/blog/new-york-sales-tax-guide,sitemap
https://www.numeral.com/blog/north-carolina-sales-tax-guide,sitemap
https://www.numeral.com/blog/north-dakota-sales-tax,sitemap
https://www.numeral.com/blog/ohio-sales-tax-guide,sitemap
https://www.numeral.com/blog/oklahoma-sales-tax,sitemap
https://www.numeral.com/blog/oregon-sales-tax-guide,sitemap
https://www.numeral.com/blog/pennsylvania-sales-tax-guide,sitemap
https://www.numeral.com/blog/physical-nexus,sitemap
https://www.numeral.com/blog/poland-vat-rates-and-compliance,sitemap
https://www.numeral.com/blog/portugal-vat-rates-and-compliance,sitemap
https://www.numeral.com/blog/remit-sales-tax,sitemap
https://www.numeral.com/blog/resale-certificates,sitemap
https://www.numeral.com/blog/reverse-charge-vat,sitemap
https://www.numeral.com/blog/rhode-island-sales-tax,sitemap
https://www.numeral.com/blog/ruby-card,sitemap
https://www.numeral.com/blog/saas-sales-tax-alabama,sitemap
https://www.numeral.com/blog/saas-sales-tax-alaska,sitemap
https://www.numeral.com/blog/saas-sales-tax-arizona,sitemap
https://www.numeral.com/blog/saas-sales-tax-arkansas,sitemap
https://www.numeral.com/blog/saas-sales-tax-california,sitemap
https://www.numeral.com/blog/saas-sales-tax-chicago,sitemap
https://www.numeral.com/blog/saas-sales-tax-colorado,sitemap
https://www.numeral.com/blog/saas-sales-tax-connecticut,sitemap
https://www.numeral.com/blog/saas-sales-tax-delaware,sitemap
https://www.numeral.com/blog/saas-sales-tax-district-of-columbia,sitemap
https://www.numeral.com/blog/saas-sales-tax-florida,sitemap
https://www.numeral.com/blog/saas-sales-tax-georgia,sitemap
https://www.numeral.com/blog/saas-sales-tax-hawaii,sitemap
https://www.numeral.com/blog/saas-sales-tax-idaho,sitemap
https://www.numeral.com/blog/saas-sales-tax-illinois,sitemap
https://www.numeral.com/blog/saas-sales-tax-indiana,sitemap
https://www.numeral.com/blog/saas-sales-tax-iowa,sitemap
https://www.numeral.com/blog/saas-sales-tax-kansas,sitemap
https://www.numeral.com/blog/saas-sales-tax-kentucky,sitemap
https://www.numeral.com/blog/saas-sales-tax-louisiana,sitemap
https://www.numeral.com/blog/saas-sales-tax-maine,sitemap
https://www.numeral.com/blog/saas-sales-tax-maryland,sitemap
https://www.numeral.com/blog/saas-sales-tax-massachusetts,sitemap
https://www.numeral.com/blog/saas-sales-tax-michigan,sitemap
https://www.numeral.com/blog/saas-sales-tax-minnesota,sitemap
https://www.numeral.com/blog/saas-sales-tax-mississippi,sitemap
https://www.numeral.com/blog/saas-sales-tax-missouri,sitemap
https://www.numeral.com/blog/saas-sales-tax-montana,sitemap
https://www.numeral.com/blog/saas-sales-tax-nebraska,sitemap
https://www.numeral.com/blog/saas-sales-tax-nevada,sitemap
https://www.numeral.com/blog/saas-sales-tax-new-hampshire,sitemap
https://www.numeral.com/blog/saas-sales-tax-new-jersey,sitemap
https://www.numeral.com/blog/saas-sales-tax-new-mexico,sitemap
https://www.numeral.com/blog/saas-sales-tax-new-york,sitemap
https://www.numeral.com/blog/saas-sales-tax-north-carolina,sitemap
https://www.numeral.com/blog/saas-sales-tax-north-dakota,sitemap
https://www.numeral.com/blog/saas-sales-tax-ohio,sitemap
https://www.numeral.com/blog/saas-sales-tax-oklahoma,sitemap
https://www.numeral.com/blog/saas-sales-tax-oregon,sitemap
https://www.numeral.com/blog/saas-sales-tax-pennsylvania,sitemap
https://www.numeral.com/blog/saas-sales-tax-puerto-rico,sitemap
https://www.numeral.com/blog/saas-sales-tax-rhode-island,sitemap
https://www.numeral.com/blog/saas-sales-tax-south-carolina,sitemap
https://www.numeral.com/blog/saas-sales-tax-south-dakota,sitemap
https://www.numeral.com/blog/saas-sales-tax-tennessee,sitemap
https://www.numeral.com/blog/saas-sales-tax-texas,sitemap
https://www.numeral.com/blog/saas-sales-tax-utah,sitemap
https://www.numeral.com/blog/saas-sales-tax-vermont,sitemap
https://www.numeral.com/blog/saas-sales-tax-virginia,sitemap
https://www.numeral.com/blog/saas-sales-tax-washington,sitemap
https://www.numeral.com/blog/saas-sales-tax-west-virginia,sitemap
https://www.numeral.com/blog/saas-sales-tax-wisconsin,sitemap
https://www.numeral.com/blog/saas-sales-tax-wyoming,sitemap
https://www.numeral.com/blog/sales-tax-amnesty-programs,sitemap
