url,status_code,title,title_length,h1_count,h1_text,meta_desc,word_count,issues
https://www.numeral.com/case-studies,200,Customer Stories | Numeral,26,1,Customer stories,"Learn how Numeral helps leading ecommerce and SaaS businesses get compliant, stay compliant, and eliminate mistakes – we guarantee it.",2749,
https://www.numeral.com/pricing,200,Pricing,7,1,Simple & honest pricing.,We built Numeral to be the easiest way for ecommerce entrepreneurs to handle sales tax.,3859,
https://www.numeral.com/reviews,200,"Numeral Sales Tax Reviews | Their Words, Not Ours",49,1,The reviews are in! See why leading brands love us.,"Growing ecommerce and SaaS businesses trust Numeral for rates, remittance, and everything in between.",3607,
https://www.numeral.com/about,200,About us | Numeral,18,1,About Numeral,We built Numeral to be the end-to-end platform for sales tax compliance. Let us take care of sales tax.,2499,
https://www.numeral.com/demo,200,Book a demo — Numeral,21,4,Talk to our | sales tax | experts. | We look forward to chatting with you.,Ready to put your sales tax on autopilot? Book a free demo with our team today!,4617,Multiple H1s
https://www.numeral.com/taxjar-alternative,200,TaxJar Alternative - Why Numeral is the Better Choice,53,1,Numeral is the better alternative to TaxJar,Looking for the best alternative to TaxJar? Spend under five minutes a month on sales tax with Numeral's white-glove service.,4078,
https://www.numeral.com/blog,200,Blog — Numeral,14,1,Resources,"Explore our in-depth articles and resources on all aspects of sales tax, crafted by industry experts to provide you with the insights and guidance you need.",2699,
https://www.numeral.com/avalara-alternative,200,Avalara Alternative - Why Numeral is the Better Choice,54,1,Numeral is the best alternative to Avalara,Looking for the best alternative to Avalara? Spend less than five minutes a month on sales tax with Numeral's white-glove service.,4058,
https://www.numeral.com/careers,200,Careers at Numeral | Join a team of builders,44,1,Join a team of builders,We are based in San Francisco. We’ve assembled a wonderful team. And we work hard to be the best place you’ve ever worked.,2546,
https://www.numeral.com,200,Numeral | Sales Tax on Autopilot for Ecommerce & SaaS,53,2,Let us worry | about sales tax.,We fully manage the headaches of sales tax so you can get back to real work. Get started for free today!,7264,Multiple H1s
https://www.numeral.com/legal/guarantee,200,Guarantee,9,1,Guarantee,,2469,Missing Meta Description
https://www.numeral.com/legal/terms-of-service,200,Terms of Service,16,1,Terms of Service,,12529,Missing Meta Description
https://www.numeral.com/blog/alaska-sales-tax-guide,200,"Alaska Sales Tax Guide 2024: Compliance, Rates, and Regulations for Businesses",78,1,"Alaska Sales Tax Guide 2024: Compliance, Rates, and Regulations for Businesses",Alaska is the only state where the state doesn't levy a sales tax for ecommerce sellers but the local government does.,4788,Title too long
https://www.numeral.com/partner-program,200,Numeral Partner Program,23,1,Partner with Numeral,"Not only do we guarantee sales tax compliance for your clients, but a Numeral partnership also comes with a host of benefits.",3191,
https://www.numeral.com/legal/referral-terms,200,Customer Referral Program,25,1,Customer Referral Program,,2432,Missing Meta Description
https://www.numeral.com/legal/privacy-policy,200,Privacy Policy,14,1,Privacy Policy,,5318,Missing Meta Description
https://www.numeral.com/blog/alabama-sales-tax-guide,200,"Alabama Sales Tax Guide 2024: Compliance, Rates, and Regulations for Businesses",79,1,"Alabama Sales Tax Guide 2024: Compliance, Rates, and Regulations for Businesses","Navigate Alabama's 2023 sales tax landscape with our comprehensive guide, covering compliance, rates, and regulations to keep your business on track.",6348,Title too long
https://www.numeral.com/blog/anrok-vs-taxjar,200,Anrok vs. TaxJar: A Side-by-Side Comparison,43,1,Anrok vs. TaxJar: A Side-by-Side Comparison,"While both Anrok and TaxJar are great options, their focuses differ: Anrok primarily serves software businesses, whereas TaxJar supports a wider range of industries, including e-commerce.",5817,
https://www.numeral.com/blog/arkansas-sales-tax-guide,200,"Arkansas Sales Tax Guide 2024: Compliance, Rates, and Regulations for Businesses",80,1,"Arkansas Sales Tax Guide 2024: Compliance, Rates, and Regulations for Businesses","Stay compliant and informed in 2023 with our Arkansas Sales Tax Guide, covering everything businesses need to know about compliance, rates, and regulations",6754,Title too long
https://www.numeral.com/blog/best-sales-tax-apps-for-shopify,200,8 of the Best Sales Tax Apps for Shopify 2025,45,1,8 of the Best Sales Tax Apps for Shopify 2025,"Sales tax can be incredibly frustrating and sometimes confusing to deal with, especially when you run an online business that can sell its services across the country or even the world! Although Shopify’s in-house tax solution is a great start for basic tax calculations, it’s not very viable when scaling your business.",6571,
https://www.numeral.com/blog/avalara-vs-sovos,200,Avalara vs. Sovos: Head-to-Head (2025),38,1,Avalara vs. Sovos: Head-to-Head (2025),"Discover features, pricing, and which global tax compliance platform is right for your business.",5892,
https://www.numeral.com/blog/austria-vat-rates-and-compliance,200,Austria VAT Rates and Compliance (2025),39,1,Austria VAT Rates and Compliance (2025),"Learn about Austria’s 2025 VAT rates, registration rules, invoicing, and compliance tips for businesses selling goods or digital services.",6095,
https://www.numeral.com/blog/avalara-vs-stripe-tax,200,Avalara vs. Stripe Tax: In-Depth Comparison (2025),50,1,Avalara vs. Stripe Tax: In-Depth Comparison (2025),"Avalara and Stripe Tax are leading sales tax solutions, but they differ significantly. The best choice depends on your required integrations, budget, and support needs.",6070,
https://www.numeral.com/blog/arizona-sales-tax-guide,200,"Arizona Sales Tax Guide 2024: Compliance, Rates, and Regulations for Businesses",79,1,"Arizona Sales Tax Guide 2024: Compliance, Rates, and Regulations for Businesses","A comprehensive overview of Arizona's 2023 sales tax landscape, covering compliance, rates, and regulations for businesses.",6381,Title too long
https://www.numeral.com/blog/anrok-alternatives,200,The 6 Best Anrok Alternatives for 2025,38,1,The 6 Best Anrok Alternatives for 2025,"If you’re looking for an alternative to Anrok for your SaaS company, this article is for you. In it, we’ll cover everything you need to know about six of the best Anrok alternatives on the market.",6224,
https://www.numeral.com/blog/belgium-vat-rates-and-compliance,200,Belgium VAT Rates and Compliance (2025),39,1,Belgium VAT Rates and Compliance (2025),"Learn about Belgium’s 2025 VAT rates, registration rules, invoicing, and compliance tips for businesses selling goods or digital services.",6524,
https://www.numeral.com/blog/california-sales-tax-guide,200,"California Sales Tax Guide 2024: Compliance, Rates, and Regulations for Businesses",82,1,"California Sales Tax Guide 2024: Compliance, Rates, and Regulations for Businesses",This guide to the California sales tax will help you understand their tax system and avoid paying penalties due to incorrect filings.,8037,Title too long
https://www.numeral.com/blog/bulgaria-vat-rates-and-compliance,200,Bulgaria VAT Rates and Compliance (2025),40,1,Bulgaria VAT Rates and Compliance (2025),"Learn about Bulgaria’s 2025 VAT rates, registration rules, invoicing, and compliance tips for businesses selling goods or digital services.",6054,
https://www.numeral.com/blog/avalara-vs-anrok,200,Avalara vs. Anrok: A Side-by-Side Comparison,44,1,Avalara vs. Anrok: A Side-by-Side Comparison,"If your business operates online, you could find yourself owing sales tax in states across the country. This is true both for e-commerce sites and those offering software as a service -- especially as a growing number of states move to tax software.",5890,
https://www.numeral.com/blog/california-sales-tax-rules-for-online-sellers,200,California Sales Tax Rules for Online Sellers (2025),52,1,California Sales Tax Rules for Online Sellers (2025),E-commerce sales are taxable in California. But this doesn’t mean that all online sellers must collect sales tax on every transaction involving a California customer.,6299,
https://www.numeral.com/blog/collect-sales-tax-when-selling-online,200,Do You Need to Collect Sales Tax When Selling Online?,53,1,Do You Need to Collect Sales Tax When Selling Online?,"Yes. Whether you're selling physical goods, digital goods, or software as a service (SaaS), you likely need to collect and remit sales tax. The specifics depend on where you are, where your customers are, your sales volume, and the type of products you’re selling.",6942,
https://www.numeral.com/blog/croatia-vat-rates-and-compliance,200,Croatia VAT Rates and Compliance (2026),39,1,Croatia VAT Rates and Compliance (2026),"Learn about Croatia’s 2026 VAT rates, registration rules, invoicing, and compliance tips for businesses selling goods or digital services.",6252,
https://www.numeral.com/blog/czech-republic-vat-rates-and-compliance,200,Czech Republic VAT Rates and Compliance (2026),46,1,Czech Republic VAT Rates and Compliance (2026),"Learn about the Czech Republic’s 2026 VAT rates, registration rules, invoicing, and compliance tips for businesses selling goods or digital services.",6151,
https://www.numeral.com/blog/denmark-vat-rates-and-compliance,200,Denmark VAT Rates and Compliance (2025),39,1,Denmark VAT Rates and Compliance (2025),"Learn about Denmark’s 2025 VAT rates, registration rules, invoicing, and compliance tips for businesses selling goods or digital services.",6354,
https://www.numeral.com/blog/dropshipping-and-sales-tax,200,Dropshipping and Sales Tax: Who collects and when?,50,1,Dropshipping and Sales Tax: Who collects and when?,"Dropshipping is an online retail model in which a retailer doesn't stock or ship products. Instead, when a customer orders an item, the retailer purchases it from a third-party supplier, who then ships it directly to the customer.",5754,
https://www.numeral.com/blog/connecticut-sales-tax-guide,200,"Connecticut Sales Tax Guide 2024: Compliance, Rates, and Regulations for Businesses",83,1,"Connecticut Sales Tax Guide 2024: Compliance, Rates, and Regulations for Businesses",Sales tax can get confusing. This guide on Connecticut's sales tax provides everything you need to know about the laws and regulations.,6287,Title too long
https://www.numeral.com/blog/do-you-charge-sales-tax-on-items-shipped-out-of-state,200,Do You Charge Sales Tax on Items Shipped Out of State?,54,1,Do You Charge Sales Tax on Items Shipped Out of State?,Yes and no. You will need to charge sales tax on items shipped out of state if the products are taxable and you have nexus. Let's dive in.,6267,
https://www.numeral.com/blog/ecommerce-sales-tax,200,Ecommerce Sales Tax 101: An Online Seller’s Guide to 2026,57,1,Ecommerce Sales Tax 101: An Online Seller’s Guide to 2026,"As your business grows and gains customers in multiple states (and countries), it also takes on new responsibilities related to complying with the tax laws where those customers are located, even if your business has no physical presence there.",8448,
https://www.numeral.com/blog/ecommerce-sales-tax-software,200,10 Best Sales Tax Software for Ecommerce in 2025,48,1,10 Best Sales Tax Software for Ecommerce in 2025,"The US has over 12,000 state and local tax jurisdictions just waiting to trip up unsuspecting online sellers. Trying to stay compliant in each of them requires you to be switched on 24/7 without any time to focus on your actual business.",6668,
https://www.numeral.com/blog/campfire-partnership,200,Numeral x Campfire Integration and Partnership,46,1,Numeral x Campfire Integration and Partnership,Announcing Numeral's official integration with Campfire,4295,
https://www.numeral.com/blog/economic-nexus,200,Economic Nexus: 2025’s State-by-State Handbook,46,1,Economic Nexus: 2025’s State-by-State Handbook,"Learn how economic nexus works, which states require remote sellers to collect sales tax, and the thresholds that trigger registration and compliance.",6656,
https://www.numeral.com/blog/does-shopify-collect-and-remit-sales-tax,200,Does Shopify Collect and Remit Sales Tax?,41,1,Does Shopify Collect and Remit Sales Tax?,"If your Shopify store has just started to bring in sales, figuring out your sales tax obligations can be confusing. And as your sales grow, tracking your sales tax nexus across all the states your customers live in, collecting the appropriate tax, filing accurately, and remitting what your business owes to various tax collection agencies can demand a lot of your time and attention — time you’d probably rather be spending on more important tasks.",5903,
https://www.numeral.com/blog/delaware-sales-tax-guide,200,"Delaware Sales Tax Guide 2024: Compliance, Rates, and Regulations for Businesses",80,1,"Delaware Sales Tax Guide 2024: Compliance, Rates, and Regulations for Businesses","Delaware, the state where almost all businesses register to benefit from relaxed sales tax laws.",4641,Title too long
https://www.numeral.com/blog/file-a-sales-tax-return-in-michigan,200,How to File a Sales Tax Return in Michigan?,43,1,How to File a Sales Tax Return in Michigan?,"This guide will walk you through the step-by-step process of filing your Michigan sales tax return, ensuring that you stay compliant with state regulations.",5404,
https://www.numeral.com/blog/estonia-vat-rates-and-compliance,200,Estonia VAT Rates and Compliance (2025),39,1,Estonia VAT Rates and Compliance (2025),"Learn about Estonia’s 2025 VAT rates, registration rules, invoicing, and compliance tips for businesses selling goods or digital services.",6615,
https://www.numeral.com/blog/file-sales-tax-in-texas,200,How to File Sales Tax in Texas: A Step-By-Step Guide (2024),59,1,How to File Sales Tax in Texas: A Step-By-Step Guide (2024),Running an ecom business in Texas requires you to file sales tax mandatorily. Here's a step-by-step guide to file your sales tax in Texas.,5221,
https://www.numeral.com/blog/file-sales-tax-in-maryland,200,How to File Sales Tax in Maryland?,34,1,How to File Sales Tax in Maryland?,"This guide will walk you through the step-by-step process of filing your Maryland sales tax return using the state's online filing system, bFile.",5568,
https://www.numeral.com/blog/finland-vat-rates-and-compliance,200,Finland VAT Rates and Compliance (2026),39,1,Finland VAT Rates and Compliance (2026),"Learn about Finland’s 2026 VAT rates, registration rules, invoicing, and compliance tips for businesses selling goods or digital services.",6018,
https://www.numeral.com/blog/florida-sales-tax-guide,200,"Florida Sales Tax Guide 2024: Compliance, Rates, and Regulations for Businesses",79,1,"Florida Sales Tax Guide 2024: Compliance, Rates, and Regulations for Businesses",Florida is one of the best locations to start an ecommerce business with it's great weather and friendly business laws.,5980,Title too long
https://www.numeral.com/blog/file-a-sales-tax-return-in-iowa,200,How to File a Sales Tax Return in Iowa?,39,1,How to File a Sales Tax Return in Iowa?,"Filing your sales tax return correctly and on time is critical to avoid fines and stay in line with state rules. In this complete guide, we'll take you through each step of filing your Iowa sales tax return in 2024.",5652,
https://www.numeral.com/blog/georgia-sales-tax-guide,200,"Georgia Sales Tax Guide 2024: Compliance, Rates, and Regulations for Ecommerce Businesses",89,1,"Georgia Sales Tax Guide 2024: Compliance, Rates, and Regulations for Ecommerce Businesses",This guide to the Georgia sales tax will help you understand their tax system and avoid paying penalties due to incorrect filings.,6276,Title too long
https://www.numeral.com/blog/how-to-determine-nexus-with-every-state,200,How to Determine Economic Nexus with Every State for Your Ecommerce Store,73,1,How to Determine Economic Nexus with Every State for Your Ecommerce Store,Confused on the economic nexus thresholds for each state? Here's how you can determine economic nexus for every state.,7439,Title too long
https://www.numeral.com/blog/france-vat-rates-and-compliance,200,France VAT Rates and Compliance (2026),38,1,France VAT Rates and Compliance (2026),"Learn about France’s 2026 VAT rates, registration rules, invoicing, and compliance tips for businesses selling goods or digital services.",6410,
https://www.numeral.com/blog/germany-vat-rates-and-compliance,200,Germany VAT Rates and Compliance (2026),39,1,Germany VAT Rates and Compliance (2026),"Learn about Germany’s 2026 VAT rates, registration rules, invoicing, and compliance tips for businesses selling goods or digital services.",6134,
https://www.numeral.com/blog/hawaii-sales-tax-guide,200,"Hawaii Sales Tax Guide 2024: Compliance, Rates, and Regulations for Businesses",78,1,"Hawaii Sales Tax Guide 2024: Compliance, Rates, and Regulations for Businesses","Stay tax-savvy in 2023 with our Hawaii Sales Tax Guide, your resource for compliance, rates, and business regulations.",6304,Title too long
https://www.numeral.com/blog/hungary-vat-rates-and-compliance,200,Hungary VAT Rates and Compliance (2025),39,1,Hungary VAT Rates and Compliance (2025),"Learn about Hungary’s 2025 VAT rates, registration rules, invoicing, and compliance tips for businesses selling goods or digital services.",7284,
https://www.numeral.com/blog/avalara-vs-vertex,200,"Avalara vs. Vertex: Pros, Cons, and How They Stack Up",53,1,"Avalara vs. Vertex: Pros, Cons, and How They Stack Up","Avalara and Vertex are leading sales tax solutions for enterprise businesses, but they differ significantly. The best choice depends on your required integrations, budget, and support needs.",5746,
https://www.numeral.com/blog/how-to-speak-to-an-actual-human-about-sales-tax,200,How to Speak to a State's Revenue Department about Sales Tax,60,1,How to Speak to a State's Revenue Department about Sales Tax,Need to contact a state for sales tax? This list comes in handy with their contact details.,5217,
https://www.numeral.com/blog/home-rule-states-sales-tax,200,What Are Home Rule States? A Sales Tax Guide,44,1,What Are Home Rule States? A Sales Tax Guide,"Learn what home rule states are, how they impact sales tax compliance, and why sellers need to track local tax rules and filing requirements.",5822,
https://www.numeral.com/blog/iowa-sales-tax-guide,200,"Iowa Sales Tax Guide 2024: Compliance, Rates, and Regulations for Businesses",76,1,"Iowa Sales Tax Guide 2024: Compliance, Rates, and Regulations for Businesses","A comprehensive resource on Iowa sales tax for businesses in 2023, covering compliance, rates, and regulations.",5753,Title too long
https://www.numeral.com/blog/illinois-sales-tax-guide,200,Illinois Sales Tax Guide 2025: Rates and Regulations,52,1,Illinois Sales Tax Guide 2025: Rates and Regulations,"Stay updated and compliant with the 2025 Illinois sales tax guide. It covers Illinois tax rates, regulations, and business requirements.",7081,
https://www.numeral.com/blog/is-shopify-a-marketplace-facilitator,200,Is Shopify a Marketplace Facilitator?,37,1,Is Shopify a Marketplace Facilitator?,"Shopify itself isn't a marketplace facilitator, but the Shopify Shop app is, which can impact tax obligations for sellers.",5760,
https://www.numeral.com/blog/kansas-sales-tax-guide,200,Kansas Sales Tax Guide 2025: Rates and Compliance,49,1,Kansas Sales Tax Guide 2025: Rates and Compliance,"Kansas sales tax rules don't have to be confusing. Here's what you should know about the current tax rates, compliance requirements, and business regulations.",6893,
https://www.numeral.com/blog/italy-vat-rates-and-compliance,200,Italy VAT Rates and Compliance (2025),37,1,Italy VAT Rates and Compliance (2025),"Learn about Italy’s 2025 VAT rates, registration rules, invoicing, and compliance tips for businesses selling goods or digital services.",8012,
https://www.numeral.com/blog/import-one-stop-shop-ioss,200,How Does the EU’s Import One-Stop Shop (IOSS) Work?,51,1,How Does the EU’s Import One-Stop Shop (IOSS) Work?,"This guide will explain what the IOSS is, who can use it, how to register for it, and what its benefits are.",6284,
https://www.numeral.com/blog/latvia-vat-rates-and-compliance,200,Latvia VAT Rates and Compliance (2025),38,1,Latvia VAT Rates and Compliance (2025),"Learn about Latvia’s 2025 VAT rates, registration rules, invoicing, and compliance tips for businesses selling goods or digital services.",6062,
https://www.numeral.com/blog/ireland-vat-rates-and-compliance,200,Ireland VAT Rates and Compliance (2025),39,1,Ireland VAT Rates and Compliance (2025),"Learn about Ireland’s 2025 VAT rates, registration rules, invoicing, and compliance tips for businesses selling goods or digital services.",6147,
https://www.numeral.com/blog/idaho-sales-tax-guide,200,"Idaho Sales Tax Guide 2024: Compliance, Rates, and Regulations for Businesses",77,1,"Idaho Sales Tax Guide 2024: Compliance, Rates, and Regulations for Businesses","Master Idaho's 2023 sales tax landscape with our guide, covering compliance, rates, and business regulations.",6226,Title too long
https://www.numeral.com/blog/luxembourg-vat-rates-and-compliance,200,Luxembourg VAT Rates and Compliance (2025),42,1,Luxembourg VAT Rates and Compliance (2025),"Learn about Luxembourg’s 2025 VAT rates, registration rules, invoicing, and compliance tips for businesses selling goods or digital services.",6304,
https://www.numeral.com/blog/lithuania-vat-rates-and-compliance,200,Lithuania VAT Rates and Compliance (2026),41,1,Lithuania VAT Rates and Compliance (2026),"Learn about Lithuania’s 2026 VAT rates, registration rules, invoicing, and compliance tips for businesses selling goods or digital services.",6021,
https://www.numeral.com/blog/malta-vat-rates-and-compliance,200,Malta VAT Rates and Compliance (2025),37,1,Malta VAT Rates and Compliance (2025),"Learn about Malta’s 2025 VAT rates, registration rules, invoicing, and compliance tips for businesses selling goods or digital services.",6284,
https://www.numeral.com/blog/indiana-sales-tax-guide,200,"Indiana Sales Tax Guide 2024: Compliance, Rates, and Regulations for Businesses",79,1,"Indiana Sales Tax Guide 2024: Compliance, Rates, and Regulations for Businesses","Stay compliant and informed in 2023 with our Indiana Sales Tax Guide, covering everything businesses need to know about compliance, rates, and regulations.",6187,Title too long
https://www.numeral.com/blog/kentucky-sales-tax-guide,200,"Kentucky Sales Tax Guide 2024: Compliance, Rates, and Regulations for Businesses",80,1,"Kentucky Sales Tax Guide 2024: Compliance, Rates, and Regulations for Businesses","Stay tax-savvy in 2023 with our Kentucky Sales Tax Guide, your resource for compliance, rates, and business regulations.",6254,Title too long
https://www.numeral.com/blog/marketplace-facilitator,200,Marketplace Facilitator Laws 101: State By State (2025),55,1,Marketplace Facilitator Laws 101: State By State (2025),"Your 2025 guide to marketplace facilitator laws, state by state. Find out where and how online sales tax rules apply.",7010,
https://www.numeral.com/blog/louisiana-sales-tax-guide,200,"Louisiana Sales Tax Guide 2024: Compliance, Rates, and Regulations for Businesses",81,1,"Louisiana Sales Tax Guide 2024: Compliance, Rates, and Regulations for Businesses","Louisiana can be an expensive for do businesses. But if you do business here, this guide will help you navigate the taxation system.",5836,Title too long
https://www.numeral.com/blog/managing-sales-tax-for-digital-goods-on-shopify,200,Managing Sales Tax for Digital Goods on Shopify,47,1,Managing Sales Tax for Digital Goods on Shopify,"If you're selling digital products — such as online courses, ebooks, digital artwork, or subscriptions — on the online platform Shopify, you’ll need to pay attention to sales tax.",5947,
https://www.numeral.com/blog/maryland-sales-tax-guide,200,"Maryland Sales Tax Guide 2024: Compliance, Rates, and Regulations for Businesses",80,1,"Maryland Sales Tax Guide 2024: Compliance, Rates, and Regulations for Businesses","Get ahead of the curve with our Maryland Sales Tax Guide, offering insights into compliance, rates, and business regulations.",6449,Title too long
https://www.numeral.com/blog/merchant-of-record-gaming,200,Should Gaming Companies Use a Merchant of Record?,49,1,Should Gaming Companies Use a Merchant of Record?,Explore the pros and cons of using a merchant of record for gaming companies and studios and when it makes sense in 2026.,6101,
https://www.numeral.com/blog/merchant-of-record-saas,200,Should SaaS Businesses Use a Merchant of Record?,48,1,Should SaaS Businesses Use a Merchant of Record?,"A clear guide to using a merchant of record for SaaS, including the benefits, drawbacks, tax implications, and when it makes sense to switch.",6222,
https://www.numeral.com/blog/michigan-sales-tax-guide,200,Michigan Sales Tax Guide 2025: Rates and Regulations,52,1,Michigan Sales Tax Guide 2025: Rates and Regulations,"Michigan sales tax is 6%, but certain products are exempt. Read on to find out more about sales tax regulations, filing requirements, and compliance.",6851,
https://www.numeral.com/blog/massachusetts-sales-tax-guide,200,Massachusetts Sales Tax Guide 2025: Rates and Compliance,56,1,Massachusetts Sales Tax Guide 2025: Rates and Compliance,"If you do business in Massachusetts, you may need to collect sales tax. Learn about Massachusetts sales tax rates, late filing penalties, and other key aspects.",7682,
https://www.numeral.com/blog/maine-sales-tax-guide,200,"Maine Sales Tax Guide 2024: Compliance, Rates, and Regulations for Businesses",77,1,"Maine Sales Tax Guide 2024: Compliance, Rates, and Regulations for Businesses","Master Maine's sales tax landscape with our guide, covering compliance, rates, and business regulations.",6238,Title too long
https://www.numeral.com/blog/new-hampshire-sales-tax-guide,200,"New Hampshire Sales Tax Guide 2024: Compliance, Rates, and Regulations for Businesses",85,1,"New Hampshire Sales Tax Guide 2024: Compliance, Rates, and Regulations for Businesses","New Hampshire, just like four other states is one which doesn't levy a hefty sales tax for remote and ecommerce sellers.",4626,Title too long
https://www.numeral.com/blog/mississippi-sales-tax-guide,200,Mississippi Sales Tax Guide 2025: Rates and Rules,49,1,Mississippi Sales Tax Guide 2025: Rates and Rules,"Navigate tax rules with our Mississippi sales tax guide. Learn about current tax rates, exemptions, nexus rules, and filing requirements for remote sellers.",6587,
https://www.numeral.com/blog/minnesota-sales-tax-guide,200,"Minnesota Sales Tax Guide 2024: Compliance, Rates, and Regulations for Businesses",81,1,"Minnesota Sales Tax Guide 2024: Compliance, Rates, and Regulations for Businesses","Stay ahead of the tax game in 2024 with our Minnesota Sales Tax Guide, offering comprehensive coverage of compliance, rates, and business regulations.",6454,Title too long
https://www.numeral.com/blog/netherlands-vat-rates-and-compliance,200,Netherlands VAT Rates and Compliance (2025),43,1,Netherlands VAT Rates and Compliance (2025),"Learn about the Netherlands’ 2025 VAT rates, registration rules, invoicing, and compliance tips for businesses selling goods or digital services.",6187,
https://www.numeral.com/blog/north-carolina-sales-tax-guide,200,North Carolina Sales Tax Guide 2025: Rates and Rules,52,1,North Carolina Sales Tax Guide 2025: Rates and Rules,"Your 2025 guide to North Carolina sales tax. Understand compliance, North Carolina tax rates, regulations, and the sales tax rate for your business.",6666,
https://www.numeral.com/blog/north-dakota-sales-tax,200,"North Dakota Sales Tax Rates, Rules, and Compliance (2025)",58,1,"North Dakota Sales Tax Rates, Rules, and Compliance (2025)","A clear, up-to-date overview of North Dakota’s 2025 sales tax rates, rules, and compliance requirements for businesses.",6063,
https://www.numeral.com/blog/nebraska-sales-tax-guide,200,"Nebraska Sales Tax Guide 2024: Compliance, Rates, and Regulations for Ecommerce Businesses",90,1,"Nebraska Sales Tax Guide 2024: Compliance, Rates, and Regulations for Ecommerce Businesses","A comprehensive resource on Nebraska's 2023 sales tax compliance, rates, and regulations for e-commerce businesses.",6020,Title too long
https://www.numeral.com/blog/missouri-sales-tax-guide,200,"Missouri Sales Tax Guide 2024: Compliance, Rates, and Regulations for Businesses",80,1,"Missouri Sales Tax Guide 2024: Compliance, Rates, and Regulations for Businesses","Stay informed and compliant with our Missouri Sales Tax Guide, offering expert insights into compliance, rates, and business regulations",6246,Title too long
https://www.numeral.com/blog/new-york-sales-tax-guide,200,"New York Sales Tax Guide 2024: Compliance, Rates, and Regulations for Ecommerce Businesses",90,1,"New York Sales Tax Guide 2024: Compliance, Rates, and Regulations for Ecommerce Businesses",This guide will explain New York's sales tax system in simple terms to help you file correctly and avoid penalties.,8284,Title too long
https://www.numeral.com/blog/new-jersey-sales-tax-guide,200,"New Jersey Sales Tax Guide 2024: Compliance, Rates, and Regulations for Businesses",82,1,"New Jersey Sales Tax Guide 2024: Compliance, Rates, and Regulations for Businesses",This guide to the New Jersey sales tax will help you understand their tax system and avoid paying penalties due to incorrect filings.,6369,Title too long
https://www.numeral.com/blog/new-mexico-sales-tax-guide,200,"New Mexico Sales Tax Guide 2024: Compliance, Rates, and Regulations for Businesses",82,1,"New Mexico Sales Tax Guide 2024: Compliance, Rates, and Regulations for Businesses","Get a grip on New Mexico's tax landscape with our Sales Tax Guide, providing essential information on compliance, rates, and business regulations",6118,Title too long
https://www.numeral.com/blog/physical-nexus,200,Physical Nexus and Sales Tax: Understand the Basics,51,1,Physical Nexus and Sales Tax: Understand the Basics,"As state laws keep evolving and new regulations come into play, maintaining compliance is becoming harder than ever for businesses. One of the most important terms for companies to understand is the concept of “nexus.”",5989,
https://www.numeral.com/blog/oklahoma-sales-tax,200,"Oklahoma Sales Tax Rates, Rules, and Compliance (2025)",54,1,"Oklahoma Sales Tax Rates, Rules, and Compliance (2025)","A clear, up-to-date overview of Oklahoma’s 2025 sales tax rates, rules, and compliance requirements for businesses.",6232,
https://www.numeral.com/blog/montana-sales-tax-guide,200,"Montana Sales Tax Guide 2024: Compliance, Rates, and Regulations for Businesses",79,1,"Montana Sales Tax Guide 2024: Compliance, Rates, and Regulations for Businesses",This guide to the Montana sales tax will help you understand their tax system and why businesses prefer to operate here.,4678,Title too long
https://www.numeral.com/blog/ohio-sales-tax-guide,200,Ohio Sales Tax Guide 2025: Rates and Regulations,48,1,Ohio Sales Tax Guide 2025: Rates and Regulations,"Navigate Ohio's sales tax landscape with our comprehensive guide, focusing on compliance, rates, and business regulations.",7849,
https://www.numeral.com/blog/poland-vat-rates-and-compliance,200,Poland VAT Rates and Compliance (2025),38,1,Poland VAT Rates and Compliance (2025),"Learn about Poland’s 2025 VAT rates, registration rules, invoicing, and compliance tips for businesses selling goods or digital services.",7348,
https://www.numeral.com/blog/pennsylvania-sales-tax-guide,200,"Pennsylvania Sales Tax Guide 2024: Compliance, Rates, and Regulations for Businesses",84,1,"Pennsylvania Sales Tax Guide 2024: Compliance, Rates, and Regulations for Businesses","An in-depth reference for businesses in 2023, offering insights into Pennsylvania sales tax compliance, rates, and regulations.",6187,Title too long
https://www.numeral.com/blog/remit-sales-tax,200,Remit Sales Tax: The Ultimate Guide to Avoid Costly Mistakes,60,1,Remit Sales Tax: The Ultimate Guide to Avoid Costly Mistakes,A detailed and thorough resource designed to help businesses navigate the complexities of remitting sales tax effectively.,6899,
https://www.numeral.com/blog/reverse-charge-vat,200,Reverse Charge VAT in the EU and UK,35,1,Reverse Charge VAT in the EU and UK,"Your 2026 guide to reverse charge VAT in the EU and UK: when it applies, who reports it, and what your business needs to do.",5502,
https://www.numeral.com/blog/oregon-sales-tax-guide,200,"Oregon Sales Tax Guide 2024: Compliance, Rates, and Regulations for Businesses",78,1,"Oregon Sales Tax Guide 2024: Compliance, Rates, and Regulations for Businesses",Oregon is the one of the five US states that doesn't have a statewide sales tax which is especially advantageous for ecommerce sellers.,4540,Title too long
https://www.numeral.com/blog/rhode-island-sales-tax,200,"Rhode Island Sales Tax Rates, Rules, and Compliance (2025)",58,1,"Rhode Island Sales Tax Rates, Rules, and Compliance (2025)","A clear, up-to-date overview of Rhode Island’s 2025 sales tax rates, rules, and compliance requirements for businesses.",6419,
https://www.numeral.com/blog/ruby-card,200,Numeral acquires Ruby Card team,31,1,Numeral acquires Ruby Card team,"We are excited to welcome Ruby Card to our team. This marks our first acquisition, and with it, we now have seven YC founders working at Numeral.",4684,
https://www.numeral.com/blog/portugal-vat-rates-and-compliance,200,Portugal VAT Rates and Compliance (2025),40,1,Portugal VAT Rates and Compliance (2025),"Learn about Portugal’s 2025 VAT rates, registration rules, invoicing, and compliance tips for businesses selling goods or digital services.",6928,
https://www.numeral.com/blog/resale-certificates,200,Resale Certificates: Who Qualifies and How to Obtain One,56,1,Resale Certificates: Who Qualifies and How to Obtain One,"In the past, products and services were primarily sold in retail brick and mortar stores, so understanding and applying appropriate local sales tax was usually quite simple. Today, the internet allows individuals and businesses to sell their goods — including goods that they’re reselling — to customers anywhere in the world.",6183,
https://www.numeral.com/blog/saas-sales-tax-arizona,200,Is SaaS Taxable in Arizona?,27,1,Is SaaS Taxable in Arizona?,"Yes. SaaS (software as a service) revenue and most digital product sales in Arizona are taxable, and this tax money should be remitted to the state's tax agency as part of Arizona's transaction privilege tax (TPT). Arizona charges 5.60% at the state level, and, when combined with local taxes, 8.38% on average.",5517,
https://www.numeral.com/blog/saas-sales-tax-alaska,200,Is SaaS Taxable in Alaska in 2025?,34,1,Is SaaS Taxable in Alaska in 2025?,"Yes, in many areas. Although Alaska has no statewide sales tax, it does allow local governments to levy their own sales taxes. This means that individual cities and municipalities have the authority to tax software as a service (SaaS).",5302,
https://www.numeral.com/blog/saas-sales-tax-alabama,200,Is SaaS Taxable in Alabama in 2025?,35,1,Is SaaS Taxable in Alabama in 2025?,"No. Alabama does not classify software as a service (SaaS) as tangible personal property, unless it has a downloadable or physical component. This means that most SaaS offerings are not subject to sales and use tax in the state.",5436,
https://www.numeral.com/blog/saas-sales-tax-arkansas,200,Is SaaS Taxable in Arkansas in 2025?,36,1,Is SaaS Taxable in Arkansas in 2025?,"No. Software-as-a-service (SaaS) products are not taxable in Arkansas under the state’s current tax laws, which do not classify SaaS as either tangible personal property or a specified digital product.",5445,
https://www.numeral.com/blog/saas-sales-tax-california,200,Is SaaS Taxable in California in 2025?,38,1,Is SaaS Taxable in California in 2025?,"No. In California, SaaS (software as a service) is not subject to sales tax, because it is considered an intangible product, and therefore nontaxable, in the state.",5724,
https://www.numeral.com/blog/saas-sales-tax-chicago,200,Is SaaS Taxable in Chicago? Understanding PPLTT,47,1,Is SaaS Taxable in Chicago? Understanding PPLTT,"Yes. Although software as a service (SaaS) is not typically subject to sales tax in Illinois, it is taxable in the City of Chicago. This is due primarily to the Personal Property Lease Transaction Tax, or PPLTT.",5421,
https://www.numeral.com/blog/saas-sales-tax-delaware,200,Is SaaS Taxable in Delaware in 2025?,36,1,Is SaaS Taxable in Delaware in 2025?,"No. In Delaware, SaaS (Software as a Service) is not subject to sales tax, as Delaware is one of only five U.S. states that do not impose a sales tax.",4982,
https://www.numeral.com/blog/saas-sales-tax-florida,200,Is SaaS Taxable in Florida in 2025?,35,1,Is SaaS Taxable in Florida in 2025?,No. Florida does not impose a sales tax on SaaS (software as a service) or other digital goods sold within the state.,5555,
https://www.numeral.com/blog/saas-sales-tax-connecticut,200,Is SaaS Taxable in Connecticut in 2025?,39,1,Is SaaS Taxable in Connecticut in 2025?,Yes. Software-as-a-service (SaaS) is typically taxable in Connecticut. The rate at which SaaS is taxed depends on how it is used and the type of service it provides.,5605,
https://www.numeral.com/blog/saas-sales-tax-colorado,200,Is SaaS Taxable in Colorado?,28,1,Is SaaS Taxable in Colorado?,"Yes, in some parts of the state. SaaS (software as a service) is considered “non-tangible” under Colorado law, meaning that it’s not taxable at the state level. However, some local jurisdictions in Colorado have their own taxation rules regarding SaaS products and services. So in certain areas, including Denver, some SaaS offerings are taxable.",5309,
https://www.numeral.com/blog/saas-sales-tax-district-of-columbia,200,Is SaaS Taxable in Washington D.C.?,35,1,Is SaaS Taxable in Washington D.C.?,"Yes. Software as a service (SaaS) is taxable in Washington D.C. The District applies a 6% sales tax rate to SaaS transactions, categorizing them as digital goods or data processing services.",5632,
https://www.numeral.com/blog/saas-sales-tax-georgia,200,Is SaaS Taxable in Georgia in 2025?,35,1,Is SaaS Taxable in Georgia in 2025?,"No. In Georgia, SaaS (software as a service) isn't directly taxable. However, many digital goods are. At the beginning of 2024, Georgia began taxing some digital goods and services, including video games and e-books. Currently, however, streaming video and SaaS are not on the list of taxable products.",5310,
https://www.numeral.com/blog/saas-sales-tax-idaho,200,Is SaaS Taxable in Idaho in 2025?,33,1,Is SaaS Taxable in Idaho in 2025?,"No. Software as a service (SaaS) is not currently taxable in Idaho. However, the Idaho Tax Commission does tax certain digital goods, including what it defines as “canned software” (software that is delivered in a tangible or downloadable format).",5473,
https://www.numeral.com/blog/saas-sales-tax-hawaii,200,Is SaaS Taxable in Hawaii?,26,1,Is SaaS Taxable in Hawaii?,"Yes. SaaS (software as a service) is taxable in Hawaii; the state applies its general excise tax, or GET for short, to most SaaS products.",5600,
https://www.numeral.com/blog/saas-sales-tax-illinois,200,Is SaaS Taxable in Illinois in 2026?,36,1,Is SaaS Taxable in Illinois in 2026?,"While Illinois does not typically tax software as a service (SaaS), certain local jurisdictions — including the city of Chicago — do. For example, some SaaS providers may fall under the scope of Chicago’s Personal Property Lease Transaction Tax (PPLTT).",5486,
https://www.numeral.com/blog/saas-sales-tax-louisiana,200,Is SaaS Taxable in Louisiana in 2026?,37,1,Is SaaS Taxable in Louisiana in 2026?,"Yes. As of January 1, 2025, software-as-a-service (SaaS) is taxable in Louisiana with the passage of House Bill 8.",5411,
https://www.numeral.com/blog/saas-sales-tax-kansas,200,Is SaaS Taxable in Kansas in 2025?,34,1,Is SaaS Taxable in Kansas in 2025?,"No. SaaS, or software as a service, is not subject to sales tax in Kansas; however, traditional downloadable software is taxed.",5467,
https://www.numeral.com/blog/saas-sales-tax-maryland,200,Is SaaS Taxable in Maryland?,28,1,Is SaaS Taxable in Maryland?,"Yes. In Maryland, SaaS (software as a service) is considered a digital product, which means that most B2C (business-to-consumer) sales are taxed. However, there are several exemptions and exceptions, and most B2B (business-to-business) sales are not taxed.",5216,
https://www.numeral.com/blog/saas-sales-tax-indiana,200,Is SaaS Taxable in Indiana in 2025?,35,1,Is SaaS Taxable in Indiana in 2025?,"No. Indiana does not tax SaaS (software as a service). However, certain digital goods are taxable, so it’s important to understand the state’s tax regulations.",5487,
https://www.numeral.com/blog/saas-sales-tax-iowa,200,Is SaaS Taxable in Iowa?,24,1,Is SaaS Taxable in Iowa?,"Yes. Iowa currently imposes a 6% state tax rate on most SaaS (software as a service) transactions, meaning that a business providing SaaS to customers in Iowa typically needs to collect and remit sales tax on each sale.",5809,
https://www.numeral.com/blog/saas-sales-tax-maine,200,Is SaaS Taxable in Maine in 2025?,33,1,Is SaaS Taxable in Maine in 2025?,"No. SaaS (software as a service) is currently exempt from sales tax in Maine; however, the state does tax many digital goods, such as downloadable music, e-books, and video games.",5609,
https://www.numeral.com/blog/saas-sales-tax-massachusetts,200,Is SaaS Taxable in Massachusetts?,33,1,Is SaaS Taxable in Massachusetts?,Yes. Massachusetts taxes SaaS (software as a service) under its current rules for prewritten software and digital services.,5630,
https://www.numeral.com/blog/saas-sales-tax-michigan,200,Is SaaS Taxable in Michigan?,28,1,Is SaaS Taxable in Michigan?,"In most cases, no. In Michigan, SaaS (software as a service) is typically not subject to sales tax unless it includes a downloadable component.",5395,
https://www.numeral.com/blog/saas-sales-tax-kentucky,200,Is SaaS Taxable in Kentucky?,28,1,Is SaaS Taxable in Kentucky?,"Yes. As of January 1, 2023, SaaS (software as a service) transactions are subject to Kentucky’s 6% sales and use tax. However, for SaaS to be taxable in Kentucky, certain criteria have to be met, and there are exceptions.",5681,
https://www.numeral.com/blog/saas-sales-tax-minnesota,200,Is SaaS Taxable in Minnesota in 2025?,37,1,Is SaaS Taxable in Minnesota in 2025?,"No. Minnesota currently does not tax software-as-a-service (SaaS) products. However, some digital products, including e-books and digital audio files, are subject to state taxation.",5493,
https://www.numeral.com/blog/saas-sales-tax-mississippi,200,Is SaaS Taxable in Mississippi in 2025?,39,1,Is SaaS Taxable in Mississippi in 2025?,"Yes. As of July 1, 2023, software as a service (SaaS) is taxable at the state sales tax rate of 7% if the software is maintained on a server physically located in the state and if the SaaS provider has nexus in Mississippi.",5448,
https://www.numeral.com/blog/saas-sales-tax-nevada,200,Is SaaS Taxable in Nevada in 2025?,34,1,Is SaaS Taxable in Nevada in 2025?,"Learn about SaaS sales tax in Nevada, including taxability rules, rates, and compliance tips to ensure your business stays tax-compliant.",5568,
https://www.numeral.com/blog/saas-sales-tax-nebraska,200,Is SaaS Taxable in Nebraska in 2025?,36,1,Is SaaS Taxable in Nebraska in 2025?,"Learn about SaaS sales tax in Nebraska, including taxability rules, rates, and compliance tips to ensure your business stays tax-compliant.",5690,
https://www.numeral.com/blog/saas-sales-tax-new-hampshire,200,Is SaaS Taxable in New Hampshire in 2025?,41,1,Is SaaS Taxable in New Hampshire in 2025?,No. SaaS (software as a service) is not subject to New Hampshire sales tax because the state has no general sales tax.,4962,
https://www.numeral.com/blog/saas-sales-tax-missouri,200,Is SaaS Taxable in Missouri in 2025?,36,1,Is SaaS Taxable in Missouri in 2025?,"Learn about SaaS sales tax in Missouri, including taxability rules, rates, and compliance tips to ensure your business stays tax-compliant.",5541,
https://www.numeral.com/blog/saas-sales-tax-new-jersey,200,Is SaaS Taxable in New Jersey in 2025?,38,1,Is SaaS Taxable in New Jersey in 2025?,"No. According to the New Jersey Tax Division, cloud-computing services — including SaaS (software as a service) — are generally not subject to sales and use tax. An exception is when they are classified as information services.",5302,
https://www.numeral.com/blog/saas-sales-tax-new-york,200,Responsive YouTube Embed,24,1,Is SaaS Taxable in New York in 2025?,"Yes. New York considers SaaS (software as a service) to be tangible personal property, and it is subject to sales tax at a current rate of 4% at the state level. Including local taxes, SaaS is taxed at an average combined rate of 8.53%. This tax applies if your business has nexus in New York (a physical presence in the state or meeting certain sales thresholds there).",5768,
https://www.numeral.com/blog/saas-sales-tax-new-mexico,200,Is SaaS Taxable in New Mexico in 2025?,38,1,Is SaaS Taxable in New Mexico in 2025?,"Yes. software-as-a-service (SaaS) is taxable in New Mexico. If your company has nexus and offers SaaS to consumers or businesses, you must collect taxes and remit them to the state.",5410,
https://www.numeral.com/blog/saas-sales-tax-montana,200,Is SaaS Taxable in Montana in 2025?,35,1,Is SaaS Taxable in Montana in 2025?,No. SaaS (software as a service) is not subject to Montana sales tax because the state has no general sales tax.,4908,
https://www.numeral.com/blog/saas-sales-tax-north-carolina,200,‍Is SaaS Taxable in North Carolina in 2025?,43,1,‍Is SaaS Taxable in North Carolina in 2025?,"No. North Carolina does not tax software as a service (SaaS), but the state does tax some digital goods. The state applies a tax of 4.75% to sales of items that it defines as tangible personal property. SaaS is considered a service in North Carolina and, therefore, is not taxable.",5159,
https://www.numeral.com/blog/saas-sales-tax-north-dakota,200,Is SaaS Taxable in North Dakota in 2025?,40,1,Is SaaS Taxable in North Dakota in 2025?,"No. North Dakota does not tax software as a service (SaaS), but the state does tax prewritten software delivered electronically or transferred from one computer to another via storage media.",5467,
https://www.numeral.com/blog/saas-sales-tax-ohio,200,Is SaaS Taxable in Ohio?,24,1,Is SaaS Taxable in Ohio?,"Yes, many types of SaaS products are taxable in Ohio. Ohio taxes retail sales at a rate of 5.75%. And combined rates (including additional city or county taxes), on average, are 7.24%.‍",5518,
https://www.numeral.com/blog/saas-sales-tax-pennsylvania,200,Is SaaS Taxable in Pennsylvania?,32,1,Is SaaS Taxable in Pennsylvania?,"Yes. According to the Pennsylvania Department of Revenue, any property that is tangible is taxable. For the purpose of sales tax, Pennsylvania considers SaaS to be tangible property and therefore taxable.",5667,
https://www.numeral.com/blog/saas-sales-tax-oklahoma,200,Is SaaS Taxable in Oklahoma in 2025?,36,1,Is SaaS Taxable in Oklahoma in 2025?,"Learn about SaaS sales tax in Oklahoma, including taxability rules, rates, and compliance tips to ensure your business stays tax-compliant.",5573,
https://www.numeral.com/blog/saas-sales-tax-oregon,200,Is SaaS Taxable in Oregon in 2025?,34,1,Is SaaS Taxable in Oregon in 2025?,No. SaaS (software as a service) is not subject to Oregon sales tax because the state has no general sales tax.,5061,
https://www.numeral.com/blog/saas-sales-tax-south-carolina,200,Responsive YouTube Embed,24,1,Is SaaS Taxable in South Carolina in 2025?‍,"Yes. In South Carolina, software as a service (SaaS) is generally subject to sales and use tax.",6133,
https://www.numeral.com/blog/saas-sales-tax-tennessee,200,Is SaaS Taxable in Tennessee?,29,1,Is SaaS Taxable in Tennessee?,Yes. SaaS (software as a service) is taxable in Tennessee in many situations. Businesses that are transacting with customers in Tennessee must collect and remit sales if they have nexus.,5171,
https://www.numeral.com/blog/saas-sales-tax-puerto-rico,200,Is SaaS Taxable in Puerto Rico in 2025?‍,40,1,Is SaaS Taxable in Puerto Rico in 2025?‍,"Yes. Puerto Rico charges a sales and use tax, called impuesto sobre ventas y uso (IVU). Unless the sale is exempt, software as a service (SaaS) is subject to this tax.",5498,
https://www.numeral.com/blog/saas-sales-tax-south-dakota,200,Is SaaS Taxable in South Dakota?,32,1,Is SaaS Taxable in South Dakota?,"Yes. In South Dakota, software as a service (SaaS) is taxable. The state imposes a 4.2% base sales tax rate, with some local jurisdictions applying their own, additional, sales tax.",5628,
https://www.numeral.com/blog/saas-sales-tax-rhode-island,200,Is SaaS Taxable in Rhode Island in 2025?,40,1,Is SaaS Taxable in Rhode Island in 2025?,"Yes. Most digital goods and services are subject to a sales tax in Rhode Island. However, a seller is required to collect taxes on SaaS (software as a service) products only if they have nexus in the state.",5223,
https://www.numeral.com/blog/saas-sales-tax-texas,200,Is SaaS Taxable in Texas?,25,1,Is SaaS Taxable in Texas?,"Yes. SaaS (software as a service) is subject to a 6.25% sales tax in Texas. Several related services are also taxable if they are packaged with SaaS offerings. There are, however, several factors that determine the final tax rate. For example, some software and digital services qualify for a 20% tax exemption.",5611,
https://www.numeral.com/blog/saas-sales-tax-utah,200,Is SaaS Taxable in Utah?,24,1,Is SaaS Taxable in Utah?,"Yes. Utah taxes software as a service (SaaS). Companies that have nexus in Utah need to collect and remit sales tax on sales to Utah-based customers. Utah’s current statewide base sales tax rate is 4.85%, and in some Utah cities and counties, an additional local sales tax is applied.",5415,
https://www.numeral.com/blog/saas-sales-tax-vermont,200,Responsive YouTube Embed,24,1,Is SaaS Taxable in Vermont in 2025?,"Yes. As of July 1, 2024, software as a service (SaaS) is taxable in Vermont. With the passage of Act 183 (H.887), a sales and use tax has been applied to prewritten computer software, regardless of how it is delivered or accessed. This includes SaaS.",5763,
https://www.numeral.com/blog/saas-sales-tax-virginia,200,Is SaaS Taxable in Virginia in 2025?,36,1,Is SaaS Taxable in Virginia in 2025?,"No. SaaS (software as a service) sales aren't currently taxable in Virginia. Sales of digital goods and cloud-based products are also not subject to sales tax in the state. That being said, Virginia’s Joint Subcommittee on Tax Policy is actively discussing the financial impact of implementing new taxes on software and digital goods.",5174,
https://www.numeral.com/blog/saas-sales-tax-wisconsin,200,Is SaaS Taxable in Wisconsin in 2025?,37,1,Is SaaS Taxable in Wisconsin in 2025?,"No. Software as a service (SaaS) is not taxable under Wisconsin’s current sales and use tax laws. According to the Wisconsin Department of Revenue, SaaS would typically fall into a nontaxable category known as “data processing services.” However, certain digital goods and electronically delivered software may be subject to tax.",5558,
https://www.numeral.com/blog/saas-sales-tax-west-virginia,200,Is SaaS Taxable in West Virginia?,33,1,Is SaaS Taxable in West Virginia?,"Yes. West Virginia taxes SaaS (software as a service) at a rate of 6%. With local taxes added, the average combined tax rate is 6.57%. This tax applies when a seller has nexus in West Virginia (a physical or economic connection to the state — more on nexus in a bit).",5382,
https://www.numeral.com/blog/saas-sales-tax-wyoming,200,Is SaaS Taxable in Wyoming in 2025?,35,1,Is SaaS Taxable in Wyoming in 2025?,"No. Because it is classified as a service rather than as tangible personal property, software as a service (SaaS) is not currently taxable in Wyoming. This classification is due in part to the fact that end users do not gain permanent access to the software.",5552,
https://www.numeral.com/blog/saas-sales-tax-washington,200,Is SaaS Taxable in Washington?,30,1,Is SaaS Taxable in Washington?,Yes. SaaS (software as a service) sales are nearly always taxable in Washington. The current state-level tax rate is 6.5%. Many local jurisdictions (such as cities and counties) in Washington impose their own sales tax as well. Staying informed about both state and local tax rates is key to ensuring compliance.,5401,
https://www.numeral.com/blog/sales-tax-amnesty-programs,200,Sales Tax Amnesty Programs: 2025 Edition,40,1,Sales Tax Amnesty Programs: 2025 Edition,"States will offer sales tax amnesty programs from time to time. For non-compliant businesses, these programs provide a path to getting back into compliance and often allow for reduced or eliminated interest, fines, and penalties.",6031,
