image_id,filename,relative_path,width_px,height_px,aspect_ratio,orientation,format_class,creative_family_guess,dominant_motif_guess,headline_style_guess,cta_style_guess,palette_guess,status
img_001,1080x1080___SafeZone-1-85028ec6-dec6-4380-bf26-dc7f73957131.png,00_source_images/1080x1080___SafeZone-1-85028ec6-dec6-4380-bf26-dc7f73957131.png,1024,535,1.914,landscape,square_feed,product_ui_and_proof_portfolio,calendar_ui_guidebook_or_growth_claim,question_led_or_benefit_led,rounded_high_contrast_button,hostfully_blue_mint_yellow_white,active
img_002,1080x1080___SafeZone-10-178b6892-faf1-4689-bb67-ba788e10e196.png,00_source_images/1080x1080___SafeZone-10-178b6892-faf1-4689-bb67-ba788e10e196.png,1024,1024,1.0,square,square_feed,product_ui_and_proof_portfolio,calendar_ui_guidebook_or_growth_claim,question_led_or_benefit_led,rounded_high_contrast_button,hostfully_blue_mint_yellow_white,active
img_003,1080x1080___SafeZone-11-716d0a01-5a28-49c3-ac75-1a2dd1b719d1.png,00_source_images/1080x1080___SafeZone-11-716d0a01-5a28-49c3-ac75-1a2dd1b719d1.png,1024,1024,1.0,square,square_feed,product_ui_and_proof_portfolio,calendar_ui_guidebook_or_growth_claim,question_led_or_benefit_led,rounded_high_contrast_button,hostfully_blue_mint_yellow_white,active
img_004,1080x1080___SafeZone-12-7a4ab8c3-97cf-42b7-84b8-a551bc3cef76.png,00_source_images/1080x1080___SafeZone-12-7a4ab8c3-97cf-42b7-84b8-a551bc3cef76.png,1024,535,1.914,landscape,square_feed,product_ui_and_proof_portfolio,calendar_ui_guidebook_or_growth_claim,question_led_or_benefit_led,rounded_high_contrast_button,hostfully_blue_mint_yellow_white,active
img_005,1080x1080___SafeZone-13-eda45253-dc51-4d97-accc-53ed01dda628.png,00_source_images/1080x1080___SafeZone-13-eda45253-dc51-4d97-accc-53ed01dda628.png,1024,1024,1.0,square,square_feed,product_ui_and_proof_portfolio,calendar_ui_guidebook_or_growth_claim,question_led_or_benefit_led,rounded_high_contrast_button,hostfully_blue_mint_yellow_white,active
img_006,1080x1080___SafeZone-14-47b8243b-b5b7-4638-a77a-a65dafad7541.png,00_source_images/1080x1080___SafeZone-14-47b8243b-b5b7-4638-a77a-a65dafad7541.png,1024,1024,1.0,square,square_feed,product_ui_and_proof_portfolio,calendar_ui_guidebook_or_growth_claim,question_led_or_benefit_led,rounded_high_contrast_button,hostfully_blue_mint_yellow_white,active
img_007,1080x1080___SafeZone-15-134e6480-6231-4389-bfec-b12802fe7023.png,00_source_images/1080x1080___SafeZone-15-134e6480-6231-4389-bfec-b12802fe7023.png,1024,1024,1.0,square,square_feed,product_ui_and_proof_portfolio,calendar_ui_guidebook_or_growth_claim,question_led_or_benefit_led,rounded_high_contrast_button,hostfully_blue_mint_yellow_white,active
img_008,1080x1080___SafeZone-16-79162d01-9c9c-412b-903d-91eee5d02280.png,00_source_images/1080x1080___SafeZone-16-79162d01-9c9c-412b-903d-91eee5d02280.png,1024,1024,1.0,square,square_feed,product_ui_and_proof_portfolio,calendar_ui_guidebook_or_growth_claim,question_led_or_benefit_led,rounded_high_contrast_button,hostfully_blue_mint_yellow_white,active
img_009,1080x1080___SafeZone-17-3ac8b3bd-ba35-4982-a696-76a03a9be19a.png,00_source_images/1080x1080___SafeZone-17-3ac8b3bd-ba35-4982-a696-76a03a9be19a.png,1024,1024,1.0,square,square_feed,product_ui_and_proof_portfolio,calendar_ui_guidebook_or_growth_claim,question_led_or_benefit_led,rounded_high_contrast_button,hostfully_blue_mint_yellow_white,active
img_010,1080x1080___SafeZone-18-04b2cd81-8fb5-467c-b9b6-c5bda9f8022b.png,00_source_images/1080x1080___SafeZone-18-04b2cd81-8fb5-467c-b9b6-c5bda9f8022b.png,1024,1024,1.0,square,square_feed,product_ui_and_proof_portfolio,calendar_ui_guidebook_or_growth_claim,question_led_or_benefit_led,rounded_high_contrast_button,hostfully_blue_mint_yellow_white,active
img_011,1080x1080___SafeZone-19-f17cc9c4-e08f-43db-bd5c-a3fd37bc30d2.png,00_source_images/1080x1080___SafeZone-19-f17cc9c4-e08f-43db-bd5c-a3fd37bc30d2.png,1024,1024,1.0,square,square_feed,product_ui_and_proof_portfolio,calendar_ui_guidebook_or_growth_claim,question_led_or_benefit_led,rounded_high_contrast_button,hostfully_blue_mint_yellow_white,active
img_012,1080x1080___SafeZone-2-ea72a0eb-45a2-4084-a13e-0e91d6a22968.png,00_source_images/1080x1080___SafeZone-2-ea72a0eb-45a2-4084-a13e-0e91d6a22968.png,1024,1024,1.0,square,square_feed,product_ui_and_proof_portfolio,calendar_ui_guidebook_or_growth_claim,question_led_or_benefit_led,rounded_high_contrast_button,hostfully_blue_mint_yellow_white,active
img_013,1080x1080___SafeZone-20-9a1daf6a-3b83-405f-827c-45e4606efa5e.png,00_source_images/1080x1080___SafeZone-20-9a1daf6a-3b83-405f-827c-45e4606efa5e.png,1024,1024,1.0,square,square_feed,product_ui_and_proof_portfolio,calendar_ui_guidebook_or_growth_claim,question_led_or_benefit_led,rounded_high_contrast_button,hostfully_blue_mint_yellow_white,active
img_014,1080x1080___SafeZone-2053ae45-b52c-40a5-a2f6-bb94cc88fdee.png,00_source_images/1080x1080___SafeZone-2053ae45-b52c-40a5-a2f6-bb94cc88fdee.png,1024,1024,1.0,square,square_feed,product_ui_and_proof_portfolio,calendar_ui_guidebook_or_growth_claim,question_led_or_benefit_led,rounded_high_contrast_button,hostfully_blue_mint_yellow_white,active
img_015,1080x1080___SafeZone-21-8d6771de-125b-4e88-a5be-7ddcd7ee5d55.png,00_source_images/1080x1080___SafeZone-21-8d6771de-125b-4e88-a5be-7ddcd7ee5d55.png,1024,1024,1.0,square,square_feed,product_ui_and_proof_portfolio,calendar_ui_guidebook_or_growth_claim,question_led_or_benefit_led,rounded_high_contrast_button,hostfully_blue_mint_yellow_white,active
img_016,1080x1080___SafeZone-22-0068cf6a-b15a-40cd-9759-e62889206012.png,00_source_images/1080x1080___SafeZone-22-0068cf6a-b15a-40cd-9759-e62889206012.png,1024,1024,1.0,square,square_feed,product_ui_and_proof_portfolio,calendar_ui_guidebook_or_growth_claim,question_led_or_benefit_led,rounded_high_contrast_button,hostfully_blue_mint_yellow_white,active
img_017,1080x1080___SafeZone-3-eec5aa53-d252-4422-86a9-2f8a38451960.png,00_source_images/1080x1080___SafeZone-3-eec5aa53-d252-4422-86a9-2f8a38451960.png,1024,535,1.914,landscape,square_feed,product_ui_and_proof_portfolio,calendar_ui_guidebook_or_growth_claim,question_led_or_benefit_led,rounded_high_contrast_button,hostfully_blue_mint_yellow_white,active
img_018,1080x1080___SafeZone-4-96ad73c1-aa25-4c40-a060-afac1c1ad734.png,00_source_images/1080x1080___SafeZone-4-96ad73c1-aa25-4c40-a060-afac1c1ad734.png,1024,1024,1.0,square,square_feed,product_ui_and_proof_portfolio,calendar_ui_guidebook_or_growth_claim,question_led_or_benefit_led,rounded_high_contrast_button,hostfully_blue_mint_yellow_white,active
img_019,1080x1080___SafeZone-5-53598c7c-3631-4900-84a1-db2fd8838cd3.png,00_source_images/1080x1080___SafeZone-5-53598c7c-3631-4900-84a1-db2fd8838cd3.png,1024,1024,1.0,square,square_feed,product_ui_and_proof_portfolio,calendar_ui_guidebook_or_growth_claim,question_led_or_benefit_led,rounded_high_contrast_button,hostfully_blue_mint_yellow_white,active
img_020,1080x1080___SafeZone-6-dca468b6-48a1-4f90-a6d1-405233786d57.png,00_source_images/1080x1080___SafeZone-6-dca468b6-48a1-4f90-a6d1-405233786d57.png,1024,1024,1.0,square,square_feed,product_ui_and_proof_portfolio,calendar_ui_guidebook_or_growth_claim,question_led_or_benefit_led,rounded_high_contrast_button,hostfully_blue_mint_yellow_white,active
img_021,1080x1080___SafeZone-7-c83e90e9-ac70-469b-bac2-7d11358cc167.png,00_source_images/1080x1080___SafeZone-7-c83e90e9-ac70-469b-bac2-7d11358cc167.png,1024,1024,1.0,square,square_feed,product_ui_and_proof_portfolio,calendar_ui_guidebook_or_growth_claim,question_led_or_benefit_led,rounded_high_contrast_button,hostfully_blue_mint_yellow_white,active
img_022,1080x1080___SafeZone-8-ac255540-6c05-4439-8b9a-c3699a148d7f.png,00_source_images/1080x1080___SafeZone-8-ac255540-6c05-4439-8b9a-c3699a148d7f.png,1024,1024,1.0,square,square_feed,product_ui_and_proof_portfolio,calendar_ui_guidebook_or_growth_claim,question_led_or_benefit_led,rounded_high_contrast_button,hostfully_blue_mint_yellow_white,active
img_023,1080x1080___SafeZone-9-058035de-f7e1-4e6d-812e-d8bcdf005bb0.png,00_source_images/1080x1080___SafeZone-9-058035de-f7e1-4e6d-812e-d8bcdf005bb0.png,1024,1024,1.0,square,square_feed,product_ui_and_proof_portfolio,calendar_ui_guidebook_or_growth_claim,question_led_or_benefit_led,rounded_high_contrast_button,hostfully_blue_mint_yellow_white,active
img_024,1080x1350___SafeZone-1-c15c418f-0bb9-46ff-9c25-390f92db1d7b.png,00_source_images/1080x1350___SafeZone-1-c15c418f-0bb9-46ff-9c25-390f92db1d7b.png,819,1024,0.7998,portrait,portrait_feed,product_ui_and_proof_portfolio,calendar_ui_guidebook_or_growth_claim,question_led_or_benefit_led,rounded_high_contrast_button,hostfully_blue_mint_yellow_white,active
img_025,1080x1350___SafeZone-10-7484316b-04ca-4a91-a39e-4e8ebafab130.png,00_source_images/1080x1350___SafeZone-10-7484316b-04ca-4a91-a39e-4e8ebafab130.png,819,1024,0.7998,portrait,portrait_feed,product_ui_and_proof_portfolio,calendar_ui_guidebook_or_growth_claim,question_led_or_benefit_led,rounded_high_contrast_button,hostfully_blue_mint_yellow_white,active
img_026,1080x1350___SafeZone-11-e9a22d8d-9e9a-4887-bed9-05712b561f8f.png,00_source_images/1080x1350___SafeZone-11-e9a22d8d-9e9a-4887-bed9-05712b561f8f.png,819,1024,0.7998,portrait,portrait_feed,product_ui_and_proof_portfolio,calendar_ui_guidebook_or_growth_claim,question_led_or_benefit_led,rounded_high_contrast_button,hostfully_blue_mint_yellow_white,active
img_027,1080x1350___SafeZone-12-4d1037ea-6cb4-49f8-aa3d-2c7de0f9efb8.png,00_source_images/1080x1350___SafeZone-12-4d1037ea-6cb4-49f8-aa3d-2c7de0f9efb8.png,819,1024,0.7998,portrait,portrait_feed,product_ui_and_proof_portfolio,calendar_ui_guidebook_or_growth_claim,question_led_or_benefit_led,rounded_high_contrast_button,hostfully_blue_mint_yellow_white,active
img_028,1080x1350___SafeZone-13-30fcc5fc-a9c4-49bf-949d-89aea007945f.png,00_source_images/1080x1350___SafeZone-13-30fcc5fc-a9c4-49bf-949d-89aea007945f.png,819,1024,0.7998,portrait,portrait_feed,product_ui_and_proof_portfolio,calendar_ui_guidebook_or_growth_claim,question_led_or_benefit_led,rounded_high_contrast_button,hostfully_blue_mint_yellow_white,active
img_029,1080x1350___SafeZone-14-753bbbc5-8fa7-4011-8fc7-6645bebe4190.png,00_source_images/1080x1350___SafeZone-14-753bbbc5-8fa7-4011-8fc7-6645bebe4190.png,819,1024,0.7998,portrait,portrait_feed,product_ui_and_proof_portfolio,calendar_ui_guidebook_or_growth_claim,question_led_or_benefit_led,rounded_high_contrast_button,hostfully_blue_mint_yellow_white,active
img_030,1080x1350___SafeZone-15-1d050d80-431d-49b7-8c5e-e7f42add588c.png,00_source_images/1080x1350___SafeZone-15-1d050d80-431d-49b7-8c5e-e7f42add588c.png,819,1024,0.7998,portrait,portrait_feed,product_ui_and_proof_portfolio,calendar_ui_guidebook_or_growth_claim,question_led_or_benefit_led,rounded_high_contrast_button,hostfully_blue_mint_yellow_white,active
img_031,1080x1350___SafeZone-16-c991905d-671b-467d-a94d-bdde7b8b34cf.png,00_source_images/1080x1350___SafeZone-16-c991905d-671b-467d-a94d-bdde7b8b34cf.png,819,1024,0.7998,portrait,portrait_feed,product_ui_and_proof_portfolio,calendar_ui_guidebook_or_growth_claim,question_led_or_benefit_led,rounded_high_contrast_button,hostfully_blue_mint_yellow_white,active
img_032,1080x1350___SafeZone-17-980e7bc7-3944-4b81-b459-a52d1fd25132.png,00_source_images/1080x1350___SafeZone-17-980e7bc7-3944-4b81-b459-a52d1fd25132.png,819,1024,0.7998,portrait,portrait_feed,product_ui_and_proof_portfolio,calendar_ui_guidebook_or_growth_claim,question_led_or_benefit_led,rounded_high_contrast_button,hostfully_blue_mint_yellow_white,active
img_033,1080x1350___SafeZone-18-fc6a0b5f-fb9c-44e9-b04f-558611871cd0.png,00_source_images/1080x1350___SafeZone-18-fc6a0b5f-fb9c-44e9-b04f-558611871cd0.png,819,1024,0.7998,portrait,portrait_feed,product_ui_and_proof_portfolio,calendar_ui_guidebook_or_growth_claim,question_led_or_benefit_led,rounded_high_contrast_button,hostfully_blue_mint_yellow_white,active
img_034,1080x1350___SafeZone-19-f1b14f54-de20-4f9f-bb7b-0951917c1574.png,00_source_images/1080x1350___SafeZone-19-f1b14f54-de20-4f9f-bb7b-0951917c1574.png,819,1024,0.7998,portrait,portrait_feed,product_ui_and_proof_portfolio,calendar_ui_guidebook_or_growth_claim,question_led_or_benefit_led,rounded_high_contrast_button,hostfully_blue_mint_yellow_white,active
img_035,1080x1350___SafeZone-2-fbbc4a3e-af5d-421d-84b0-1b6b3837fad4.png,00_source_images/1080x1350___SafeZone-2-fbbc4a3e-af5d-421d-84b0-1b6b3837fad4.png,819,1024,0.7998,portrait,portrait_feed,product_ui_and_proof_portfolio,calendar_ui_guidebook_or_growth_claim,question_led_or_benefit_led,rounded_high_contrast_button,hostfully_blue_mint_yellow_white,active
img_036,1080x1350___SafeZone-3-8c64ec03-c25c-412e-9879-89e3ac19d05c.png,00_source_images/1080x1350___SafeZone-3-8c64ec03-c25c-412e-9879-89e3ac19d05c.png,819,1024,0.7998,portrait,portrait_feed,product_ui_and_proof_portfolio,calendar_ui_guidebook_or_growth_claim,question_led_or_benefit_led,rounded_high_contrast_button,hostfully_blue_mint_yellow_white,active
img_037,1080x1350___SafeZone-4-d57219cc-1ae0-46a8-989e-bc5dedf3113d.png,00_source_images/1080x1350___SafeZone-4-d57219cc-1ae0-46a8-989e-bc5dedf3113d.png,819,1024,0.7998,portrait,portrait_feed,product_ui_and_proof_portfolio,calendar_ui_guidebook_or_growth_claim,question_led_or_benefit_led,rounded_high_contrast_button,hostfully_blue_mint_yellow_white,active
img_038,1080x1350___SafeZone-5-c1321cb2-2a8f-4bf4-9112-bae7c557d27a.png,00_source_images/1080x1350___SafeZone-5-c1321cb2-2a8f-4bf4-9112-bae7c557d27a.png,819,1024,0.7998,portrait,portrait_feed,product_ui_and_proof_portfolio,calendar_ui_guidebook_or_growth_claim,question_led_or_benefit_led,rounded_high_contrast_button,hostfully_blue_mint_yellow_white,active
img_039,1080x1350___SafeZone-6-3140915a-4f0c-4820-a5bc-1a10e1255dc2.png,00_source_images/1080x1350___SafeZone-6-3140915a-4f0c-4820-a5bc-1a10e1255dc2.png,819,1024,0.7998,portrait,portrait_feed,product_ui_and_proof_portfolio,calendar_ui_guidebook_or_growth_claim,question_led_or_benefit_led,rounded_high_contrast_button,hostfully_blue_mint_yellow_white,active
img_040,1080x1350___SafeZone-7-d674390c-2b4d-4fb3-a2d7-b656096e7302.png,00_source_images/1080x1350___SafeZone-7-d674390c-2b4d-4fb3-a2d7-b656096e7302.png,819,1024,0.7998,portrait,portrait_feed,product_ui_and_proof_portfolio,calendar_ui_guidebook_or_growth_claim,question_led_or_benefit_led,rounded_high_contrast_button,hostfully_blue_mint_yellow_white,active
img_041,1080x1350___SafeZone-8-4d6392f0-d32c-40be-bd78-1f8a16b4c5ba.png,00_source_images/1080x1350___SafeZone-8-4d6392f0-d32c-40be-bd78-1f8a16b4c5ba.png,819,1024,0.7998,portrait,portrait_feed,product_ui_and_proof_portfolio,calendar_ui_guidebook_or_growth_claim,question_led_or_benefit_led,rounded_high_contrast_button,hostfully_blue_mint_yellow_white,active
img_042,1080x1350___SafeZone-9-a7957545-deaa-4258-a40c-2e74c8587b04.png,00_source_images/1080x1350___SafeZone-9-a7957545-deaa-4258-a40c-2e74c8587b04.png,819,1024,0.7998,portrait,portrait_feed,product_ui_and_proof_portfolio,calendar_ui_guidebook_or_growth_claim,question_led_or_benefit_led,rounded_high_contrast_button,hostfully_blue_mint_yellow_white,active
img_043,1080x1350___SafeZone-b6102738-7c11-4bb2-a258-21515e0e9fe1.png,00_source_images/1080x1350___SafeZone-b6102738-7c11-4bb2-a258-21515e0e9fe1.png,819,1024,0.7998,portrait,portrait_feed,product_ui_and_proof_portfolio,calendar_ui_guidebook_or_growth_claim,question_led_or_benefit_led,rounded_high_contrast_button,hostfully_blue_mint_yellow_white,active
img_044,1080x1920___SafeZone-10-93acfb20-dcbb-43d1-a2fe-cdda6698c74d.png,00_source_images/1080x1920___SafeZone-10-93acfb20-dcbb-43d1-a2fe-cdda6698c74d.png,576,1024,0.5625,portrait,vertical_story_reel,product_ui_and_proof_portfolio,calendar_ui_guidebook_or_growth_claim,question_led_or_benefit_led,rounded_high_contrast_button,hostfully_blue_mint_yellow_white,active
img_045,1080x1920___SafeZone-11-cd0e681f-25cb-40f3-8484-54900e915dab.png,00_source_images/1080x1920___SafeZone-11-cd0e681f-25cb-40f3-8484-54900e915dab.png,576,1024,0.5625,portrait,vertical_story_reel,product_ui_and_proof_portfolio,calendar_ui_guidebook_or_growth_claim,question_led_or_benefit_led,rounded_high_contrast_button,hostfully_blue_mint_yellow_white,active
img_046,1080x1920___SafeZone-12-a71cf3b9-cebd-485a-b1d6-e45066b6b9cb.png,00_source_images/1080x1920___SafeZone-12-a71cf3b9-cebd-485a-b1d6-e45066b6b9cb.png,576,1024,0.5625,portrait,vertical_story_reel,product_ui_and_proof_portfolio,calendar_ui_guidebook_or_growth_claim,question_led_or_benefit_led,rounded_high_contrast_button,hostfully_blue_mint_yellow_white,active
img_047,1080x1920___SafeZone-13-6536e83f-e586-4b87-96f5-d379327fb044.png,00_source_images/1080x1920___SafeZone-13-6536e83f-e586-4b87-96f5-d379327fb044.png,576,1024,0.5625,portrait,vertical_story_reel,product_ui_and_proof_portfolio,calendar_ui_guidebook_or_growth_claim,question_led_or_benefit_led,rounded_high_contrast_button,hostfully_blue_mint_yellow_white,active
img_048,1080x1920___SafeZone-14-b204cd0b-95b9-4afa-866d-8933b023adbf.png,00_source_images/1080x1920___SafeZone-14-b204cd0b-95b9-4afa-866d-8933b023adbf.png,576,1024,0.5625,portrait,vertical_story_reel,product_ui_and_proof_portfolio,calendar_ui_guidebook_or_growth_claim,question_led_or_benefit_led,rounded_high_contrast_button,hostfully_blue_mint_yellow_white,active
img_049,1080x1920___SafeZone-15-26920471-cff5-4fad-8eef-2c02086d27c4.png,00_source_images/1080x1920___SafeZone-15-26920471-cff5-4fad-8eef-2c02086d27c4.png,576,1024,0.5625,portrait,vertical_story_reel,product_ui_and_proof_portfolio,calendar_ui_guidebook_or_growth_claim,question_led_or_benefit_led,rounded_high_contrast_button,hostfully_blue_mint_yellow_white,active
img_050,1080x1920___SafeZone-16-d2f64c0f-207a-4fc8-b93e-2d710f0659eb.png,00_source_images/1080x1920___SafeZone-16-d2f64c0f-207a-4fc8-b93e-2d710f0659eb.png,576,1024,0.5625,portrait,vertical_story_reel,product_ui_and_proof_portfolio,calendar_ui_guidebook_or_growth_claim,question_led_or_benefit_led,rounded_high_contrast_button,hostfully_blue_mint_yellow_white,active
img_051,1080x1920___SafeZone-3-eac58c7e-eafe-4aa1-b7e3-50d7220040c1.png,00_source_images/1080x1920___SafeZone-3-eac58c7e-eafe-4aa1-b7e3-50d7220040c1.png,576,1024,0.5625,portrait,vertical_story_reel,product_ui_and_proof_portfolio,calendar_ui_guidebook_or_growth_claim,question_led_or_benefit_led,rounded_high_contrast_button,hostfully_blue_mint_yellow_white,active
img_052,1080x1920___SafeZone-4-5de0c300-c03d-4165-b55d-81fbfbe68af8.png,00_source_images/1080x1920___SafeZone-4-5de0c300-c03d-4165-b55d-81fbfbe68af8.png,576,1024,0.5625,portrait,vertical_story_reel,product_ui_and_proof_portfolio,calendar_ui_guidebook_or_growth_claim,question_led_or_benefit_led,rounded_high_contrast_button,hostfully_blue_mint_yellow_white,active
img_053,1080x1920___SafeZone-4bd6639a-6c18-48a1-85c7-cff25e3d8778.png,00_source_images/1080x1920___SafeZone-4bd6639a-6c18-48a1-85c7-cff25e3d8778.png,576,1024,0.5625,portrait,vertical_story_reel,product_ui_and_proof_portfolio,calendar_ui_guidebook_or_growth_claim,question_led_or_benefit_led,rounded_high_contrast_button,hostfully_blue_mint_yellow_white,active
img_054,1080x1920___SafeZone-5-421963c1-5799-4373-a9b6-da1fadb81729.png,00_source_images/1080x1920___SafeZone-5-421963c1-5799-4373-a9b6-da1fadb81729.png,576,1024,0.5625,portrait,vertical_story_reel,product_ui_and_proof_portfolio,calendar_ui_guidebook_or_growth_claim,question_led_or_benefit_led,rounded_high_contrast_button,hostfully_blue_mint_yellow_white,active
img_055,1080x1920___SafeZone-6-b78324f3-1ae5-4d0d-a291-32212a302b43.png,00_source_images/1080x1920___SafeZone-6-b78324f3-1ae5-4d0d-a291-32212a302b43.png,576,1024,0.5625,portrait,vertical_story_reel,product_ui_and_proof_portfolio,calendar_ui_guidebook_or_growth_claim,question_led_or_benefit_led,rounded_high_contrast_button,hostfully_blue_mint_yellow_white,active
img_056,1080x1920___SafeZone-7-754c8af7-1023-4d54-b39a-61da85d8635c.png,00_source_images/1080x1920___SafeZone-7-754c8af7-1023-4d54-b39a-61da85d8635c.png,576,1024,0.5625,portrait,vertical_story_reel,product_ui_and_proof_portfolio,calendar_ui_guidebook_or_growth_claim,question_led_or_benefit_led,rounded_high_contrast_button,hostfully_blue_mint_yellow_white,active
img_057,1080x1920___SafeZone-8-553fcd61-ceff-41e9-9bb5-1379cbc9bccb.png,00_source_images/1080x1920___SafeZone-8-553fcd61-ceff-41e9-9bb5-1379cbc9bccb.png,576,1024,0.5625,portrait,vertical_story_reel,product_ui_and_proof_portfolio,calendar_ui_guidebook_or_growth_claim,question_led_or_benefit_led,rounded_high_contrast_button,hostfully_blue_mint_yellow_white,active
img_058,1080x1920___SafeZone-9-80e7adc5-cc48-4527-976b-f04382f1befe.png,00_source_images/1080x1920___SafeZone-9-80e7adc5-cc48-4527-976b-f04382f1befe.png,576,1024,0.5625,portrait,vertical_story_reel,product_ui_and_proof_portfolio,calendar_ui_guidebook_or_growth_claim,question_led_or_benefit_led,rounded_high_contrast_button,hostfully_blue_mint_yellow_white,active
img_059,1080x1920___Safezone-1-848f27f5-7ce5-44ea-b9fc-692928c4ba12.png,00_source_images/1080x1920___Safezone-1-848f27f5-7ce5-44ea-b9fc-692928c4ba12.png,576,1024,0.5625,portrait,vertical_story_reel,product_ui_and_proof_portfolio,calendar_ui_guidebook_or_growth_claim,question_led_or_benefit_led,rounded_high_contrast_button,hostfully_blue_mint_yellow_white,active
img_060,1080x1920___Safezone-2-aef26707-c05c-4487-9d89-3e19124e3a81.png,00_source_images/1080x1920___Safezone-2-aef26707-c05c-4487-9d89-3e19124e3a81.png,576,1024,0.5625,portrait,vertical_story_reel,product_ui_and_proof_portfolio,calendar_ui_guidebook_or_growth_claim,question_led_or_benefit_led,rounded_high_contrast_button,hostfully_blue_mint_yellow_white,active
img_061,1200x628-1-23487180-82d0-46eb-a0ff-d90bad5d2f37.png,00_source_images/1200x628-1-23487180-82d0-46eb-a0ff-d90bad5d2f37.png,1024,535,1.914,landscape,landscape_feed,mixed_landscape_portfolio,calendar_or_product_context_or_case_study,question_led_or_benefit_led,rounded_high_contrast_button,hostfully_blue_mint_yellow_white,active
img_062,1200x628-10-d0c90364-119d-4e07-b0a6-fcf120ecc3f5.png,00_source_images/1200x628-10-d0c90364-119d-4e07-b0a6-fcf120ecc3f5.png,1024,535,1.914,landscape,landscape_feed,mixed_landscape_portfolio,calendar_or_product_context_or_case_study,question_led_or_benefit_led,rounded_high_contrast_button,hostfully_blue_mint_yellow_white,active
img_063,1200x628-11-5d34f51a-b4d2-4bbc-8eb1-9c963bed7406.png,00_source_images/1200x628-11-5d34f51a-b4d2-4bbc-8eb1-9c963bed7406.png,1024,614,1.6678,landscape,landscape_feed,mixed_landscape_portfolio,calendar_or_product_context_or_case_study,question_led_or_benefit_led,rounded_high_contrast_button,hostfully_blue_mint_yellow_white,active
img_064,1200x628-12-3963453f-1f24-484e-8283-a66f690bbd2e.png,00_source_images/1200x628-12-3963453f-1f24-484e-8283-a66f690bbd2e.png,1024,587,1.7445,landscape,landscape_feed,mixed_landscape_portfolio,calendar_or_product_context_or_case_study,question_led_or_benefit_led,rounded_high_contrast_button,hostfully_blue_mint_yellow_white,active
img_065,1200x628-13-f38ef79b-59fc-4e1f-83d2-96d4eb4c485a.png,00_source_images/1200x628-13-f38ef79b-59fc-4e1f-83d2-96d4eb4c485a.png,1024,587,1.7445,landscape,landscape_feed,mixed_landscape_portfolio,calendar_or_product_context_or_case_study,question_led_or_benefit_led,rounded_high_contrast_button,hostfully_blue_mint_yellow_white,active
img_066,1200x628-14-8a6400ec-9a59-4744-8cb0-7b77d50a3c34.png,00_source_images/1200x628-14-8a6400ec-9a59-4744-8cb0-7b77d50a3c34.png,1024,587,1.7445,landscape,landscape_feed,mixed_landscape_portfolio,calendar_or_product_context_or_case_study,question_led_or_benefit_led,rounded_high_contrast_button,hostfully_blue_mint_yellow_white,active
img_067,1200x628-15-24b69771-3a0d-4a84-8246-73cda049df78.png,00_source_images/1200x628-15-24b69771-3a0d-4a84-8246-73cda049df78.png,1024,587,1.7445,landscape,landscape_feed,mixed_landscape_portfolio,calendar_or_product_context_or_case_study,question_led_or_benefit_led,rounded_high_contrast_button,hostfully_blue_mint_yellow_white,active
img_068,1200x628-16-7a4570e5-4bc4-44a9-aad6-bd7fe5a2ae3f.png,00_source_images/1200x628-16-7a4570e5-4bc4-44a9-aad6-bd7fe5a2ae3f.png,1024,587,1.7445,landscape,landscape_feed,mixed_landscape_portfolio,calendar_or_product_context_or_case_study,question_led_or_benefit_led,rounded_high_contrast_button,hostfully_blue_mint_yellow_white,active
img_069,1200x628-17-989bf1b4-e509-4eb3-b147-2e21de6ca038.png,00_source_images/1200x628-17-989bf1b4-e509-4eb3-b147-2e21de6ca038.png,1024,587,1.7445,landscape,landscape_feed,mixed_landscape_portfolio,calendar_or_product_context_or_case_study,question_led_or_benefit_led,rounded_high_contrast_button,hostfully_blue_mint_yellow_white,active
img_070,1200x628-18-f4bc1b5d-6e80-4b31-9f36-f5d054ea38f5.png,00_source_images/1200x628-18-f4bc1b5d-6e80-4b31-9f36-f5d054ea38f5.png,1024,587,1.7445,landscape,landscape_feed,mixed_landscape_portfolio,calendar_or_product_context_or_case_study,question_led_or_benefit_led,rounded_high_contrast_button,hostfully_blue_mint_yellow_white,active
img_071,1200x628-19-d94fb82c-cc8f-4273-af99-d469c532d663.png,00_source_images/1200x628-19-d94fb82c-cc8f-4273-af99-d469c532d663.png,1024,587,1.7445,landscape,landscape_feed,mixed_landscape_portfolio,calendar_or_product_context_or_case_study,question_led_or_benefit_led,rounded_high_contrast_button,hostfully_blue_mint_yellow_white,active
img_072,1200x628-2-3329a81e-7837-4fb5-a388-7db4949ca8aa.png,00_source_images/1200x628-2-3329a81e-7837-4fb5-a388-7db4949ca8aa.png,1024,535,1.914,landscape,landscape_feed,mixed_landscape_portfolio,calendar_or_product_context_or_case_study,question_led_or_benefit_led,rounded_high_contrast_button,hostfully_blue_mint_yellow_white,active
img_073,1200x628-20-20d3b9cb-9f71-41b9-b386-80b2c4965349.png,00_source_images/1200x628-20-20d3b9cb-9f71-41b9-b386-80b2c4965349.png,1024,587,1.7445,landscape,landscape_feed,mixed_landscape_portfolio,calendar_or_product_context_or_case_study,question_led_or_benefit_led,rounded_high_contrast_button,hostfully_blue_mint_yellow_white,active
img_074,1200x628-21-4ef2c235-63d3-4740-95bd-45b5a4d216c8.png,00_source_images/1200x628-21-4ef2c235-63d3-4740-95bd-45b5a4d216c8.png,1024,587,1.7445,landscape,landscape_feed,mixed_landscape_portfolio,calendar_or_product_context_or_case_study,question_led_or_benefit_led,rounded_high_contrast_button,hostfully_blue_mint_yellow_white,active
img_075,1200x628-3-b1cbc30d-a7b5-4696-9d3c-d9d319c86c09.png,00_source_images/1200x628-3-b1cbc30d-a7b5-4696-9d3c-d9d319c86c09.png,1024,535,1.914,landscape,landscape_feed,mixed_landscape_portfolio,calendar_or_product_context_or_case_study,question_led_or_benefit_led,rounded_high_contrast_button,hostfully_blue_mint_yellow_white,active
img_076,1200x628-4-2b5a00f7-312c-4252-93e3-553b5d329515.png,00_source_images/1200x628-4-2b5a00f7-312c-4252-93e3-553b5d329515.png,1024,535,1.914,landscape,landscape_feed,mixed_landscape_portfolio,calendar_or_product_context_or_case_study,question_led_or_benefit_led,rounded_high_contrast_button,hostfully_blue_mint_yellow_white,active
img_077,1200x628-5-b7f23c8d-e574-4199-b05b-0f145898ba4e.png,00_source_images/1200x628-5-b7f23c8d-e574-4199-b05b-0f145898ba4e.png,1024,535,1.914,landscape,landscape_feed,mixed_landscape_portfolio,calendar_or_product_context_or_case_study,question_led_or_benefit_led,rounded_high_contrast_button,hostfully_blue_mint_yellow_white,active
img_078,1200x628-56de45e8-0813-4831-a5a9-d7e689ce633f.png,00_source_images/1200x628-56de45e8-0813-4831-a5a9-d7e689ce633f.png,1024,535,1.914,landscape,landscape_feed,mixed_landscape_portfolio,calendar_or_product_context_or_case_study,question_led_or_benefit_led,rounded_high_contrast_button,hostfully_blue_mint_yellow_white,active
img_079,1200x628-6-b0703d42-fdce-466a-b468-547c0004c41d.png,00_source_images/1200x628-6-b0703d42-fdce-466a-b468-547c0004c41d.png,1024,535,1.914,landscape,landscape_feed,mixed_landscape_portfolio,calendar_or_product_context_or_case_study,question_led_or_benefit_led,rounded_high_contrast_button,hostfully_blue_mint_yellow_white,active
img_080,1200x628-7-9903d696-bdc6-40b4-a4fd-dfcb3f08521f.png,00_source_images/1200x628-7-9903d696-bdc6-40b4-a4fd-dfcb3f08521f.png,1024,535,1.914,landscape,landscape_feed,mixed_landscape_portfolio,calendar_or_product_context_or_case_study,question_led_or_benefit_led,rounded_high_contrast_button,hostfully_blue_mint_yellow_white,active
img_081,1200x628-8-23426394-45ec-44b6-9a37-b6447f04ba2f.png,00_source_images/1200x628-8-23426394-45ec-44b6-9a37-b6447f04ba2f.png,1024,535,1.914,landscape,landscape_feed,mixed_landscape_portfolio,calendar_or_product_context_or_case_study,question_led_or_benefit_led,rounded_high_contrast_button,hostfully_blue_mint_yellow_white,active
img_082,1200x628-9-a504932e-766b-4352-a4d5-73f977e7ca43.png,00_source_images/1200x628-9-a504932e-766b-4352-a4d5-73f977e7ca43.png,1024,535,1.914,landscape,landscape_feed,mixed_landscape_portfolio,calendar_or_product_context_or_case_study,question_led_or_benefit_led,rounded_high_contrast_button,hostfully_blue_mint_yellow_white,active
img_083,general_PMS-1-7f4cf801-f04e-4207-b645-478e25d4097d.png,00_source_images/general_PMS-1-7f4cf801-f04e-4207-b645-478e25d4097d.png,576,1024,0.5625,portrait,general_pms_portrait,pms_pain_or_support_system,spreadsheet_pain_or_mascot_support,question_led_or_benefit_led,rounded_high_contrast_button,hostfully_blue_mint_yellow_white,active
img_084,general_PMS-10-24d0418b-9306-4f3c-94a3-506ba343f3e7.png,00_source_images/general_PMS-10-24d0418b-9306-4f3c-94a3-506ba343f3e7.png,819,1024,0.7998,portrait,general_pms_portrait,pms_pain_or_support_system,spreadsheet_pain_or_mascot_support,question_led_or_benefit_led,rounded_high_contrast_button,hostfully_blue_mint_yellow_white,active
img_085,general_PMS-11-a96f854a-15e3-45d6-b460-22a82436ca06.png,00_source_images/general_PMS-11-a96f854a-15e3-45d6-b460-22a82436ca06.png,819,1024,0.7998,portrait,general_pms_portrait,pms_pain_or_support_system,spreadsheet_pain_or_mascot_support,question_led_or_benefit_led,rounded_high_contrast_button,hostfully_blue_mint_yellow_white,active
img_086,general_PMS-2-0705fd57-b22b-4ac7-b61e-39c837431b5d.png,00_source_images/general_PMS-2-0705fd57-b22b-4ac7-b61e-39c837431b5d.png,576,1024,0.5625,portrait,general_pms_portrait,pms_pain_or_support_system,spreadsheet_pain_or_mascot_support,question_led_or_benefit_led,rounded_high_contrast_button,hostfully_blue_mint_yellow_white,active
img_087,general_PMS-3-6813f689-b068-48c5-967b-2d5f13d27a58.png,00_source_images/general_PMS-3-6813f689-b068-48c5-967b-2d5f13d27a58.png,1024,1024,1.0,square,general_pms_square,pms_pain_or_support_system,spreadsheet_pain_or_mascot_support,question_led_or_benefit_led,rounded_high_contrast_button,hostfully_blue_mint_yellow_white,active
img_088,general_PMS-4-5609b6b1-75b1-4e87-aaf5-f244e03c4423.png,00_source_images/general_PMS-4-5609b6b1-75b1-4e87-aaf5-f244e03c4423.png,1024,1024,1.0,square,general_pms_square,pms_pain_or_support_system,spreadsheet_pain_or_mascot_support,question_led_or_benefit_led,rounded_high_contrast_button,hostfully_blue_mint_yellow_white,active
img_089,general_PMS-5-d1ab7e0b-a52f-4395-84d3-767b132440be.png,00_source_images/general_PMS-5-d1ab7e0b-a52f-4395-84d3-767b132440be.png,1024,1024,1.0,square,general_pms_square,pms_pain_or_support_system,spreadsheet_pain_or_mascot_support,question_led_or_benefit_led,rounded_high_contrast_button,hostfully_blue_mint_yellow_white,active
img_090,general_PMS-6-f5b6f980-7ed6-4cf6-8feb-14a7456d80c1.png,00_source_images/general_PMS-6-f5b6f980-7ed6-4cf6-8feb-14a7456d80c1.png,576,1024,0.5625,portrait,general_pms_portrait,pms_pain_or_support_system,spreadsheet_pain_or_mascot_support,question_led_or_benefit_led,rounded_high_contrast_button,hostfully_blue_mint_yellow_white,active
img_091,general_PMS-7-804fcc9c-bff3-4d2b-8725-d068fbbc3fa8.png,00_source_images/general_PMS-7-804fcc9c-bff3-4d2b-8725-d068fbbc3fa8.png,576,1024,0.5625,portrait,general_pms_portrait,pms_pain_or_support_system,spreadsheet_pain_or_mascot_support,question_led_or_benefit_led,rounded_high_contrast_button,hostfully_blue_mint_yellow_white,active
img_092,general_PMS-8-58c744da-f0f8-46cd-9046-a1aaf504f6de.png,00_source_images/general_PMS-8-58c744da-f0f8-46cd-9046-a1aaf504f6de.png,576,1024,0.5625,portrait,general_pms_portrait,pms_pain_or_support_system,spreadsheet_pain_or_mascot_support,question_led_or_benefit_led,rounded_high_contrast_button,hostfully_blue_mint_yellow_white,active
img_093,general_PMS-9-a63b6cc9-3bb4-46da-8204-75d64831a452.png,00_source_images/general_PMS-9-a63b6cc9-3bb4-46da-8204-75d64831a452.png,576,1024,0.5625,portrait,general_pms_portrait,pms_pain_or_support_system,spreadsheet_pain_or_mascot_support,question_led_or_benefit_led,rounded_high_contrast_button,hostfully_blue_mint_yellow_white,active
img_094,general_PMS-ad4ede16-2678-42e0-960d-fbe74e4c996e.png,00_source_images/general_PMS-ad4ede16-2678-42e0-960d-fbe74e4c996e.png,576,1024,0.5625,portrait,general_pms_portrait,pms_pain_or_support_system,spreadsheet_pain_or_mascot_support,question_led_or_benefit_led,rounded_high_contrast_button,hostfully_blue_mint_yellow_white,active
img_095,general_PMS_-_SafeZone-0317627d-3335-4c12-9d3e-b86a91ac6367.png,00_source_images/general_PMS_-_SafeZone-0317627d-3335-4c12-9d3e-b86a91ac6367.png,819,1024,0.7998,portrait,general_pms_portrait,pms_pain_or_support_system,spreadsheet_pain_or_mascot_support,question_led_or_benefit_led,rounded_high_contrast_button,hostfully_blue_mint_yellow_white,active
img_096,general_PMS_-_SafeZone-1-632e5c6a-cff9-4ef6-96f0-867a8a3f6526.png,00_source_images/general_PMS_-_SafeZone-1-632e5c6a-cff9-4ef6-96f0-867a8a3f6526.png,576,1024,0.5625,portrait,general_pms_portrait,pms_pain_or_support_system,spreadsheet_pain_or_mascot_support,question_led_or_benefit_led,rounded_high_contrast_button,hostfully_blue_mint_yellow_white,active
img_097,general_PMS_-_SafeZone-10-7bd31eca-a49c-4e70-8877-e7e57c0ff2a9.png,00_source_images/general_PMS_-_SafeZone-10-7bd31eca-a49c-4e70-8877-e7e57c0ff2a9.png,1024,1024,1.0,square,general_pms_square,pms_pain_or_support_system,spreadsheet_pain_or_mascot_support,question_led_or_benefit_led,rounded_high_contrast_button,hostfully_blue_mint_yellow_white,active
img_098,general_PMS_-_SafeZone-11-4333466c-7bff-4620-8d1a-4a843df5fb04.png,00_source_images/general_PMS_-_SafeZone-11-4333466c-7bff-4620-8d1a-4a843df5fb04.png,819,1024,0.7998,portrait,general_pms_portrait,pms_pain_or_support_system,spreadsheet_pain_or_mascot_support,question_led_or_benefit_led,rounded_high_contrast_button,hostfully_blue_mint_yellow_white,active
img_099,general_PMS_-_SafeZone-12-bba530ed-8719-438c-abda-8c1bffd28058.png,00_source_images/general_PMS_-_SafeZone-12-bba530ed-8719-438c-abda-8c1bffd28058.png,819,1024,0.7998,portrait,general_pms_portrait,pms_pain_or_support_system,spreadsheet_pain_or_mascot_support,question_led_or_benefit_led,rounded_high_contrast_button,hostfully_blue_mint_yellow_white,active
img_100,general_PMS_-_SafeZone-13-e999a4df-62d7-4dba-8163-9cb69d42d731.png,00_source_images/general_PMS_-_SafeZone-13-e999a4df-62d7-4dba-8163-9cb69d42d731.png,819,1024,0.7998,portrait,general_pms_portrait,pms_pain_or_support_system,spreadsheet_pain_or_mascot_support,question_led_or_benefit_led,rounded_high_contrast_button,hostfully_blue_mint_yellow_white,active
img_101,general_PMS_-_SafeZone-14-5e83cc9a-0119-44fa-940c-dd47635e5de3.png,00_source_images/general_PMS_-_SafeZone-14-5e83cc9a-0119-44fa-940c-dd47635e5de3.png,819,1024,0.7998,portrait,general_pms_portrait,pms_pain_or_support_system,spreadsheet_pain_or_mascot_support,question_led_or_benefit_led,rounded_high_contrast_button,hostfully_blue_mint_yellow_white,active
img_102,general_PMS_-_SafeZone-15-5b9071c3-2a1c-4804-9d63-ed855ddc9969.png,00_source_images/general_PMS_-_SafeZone-15-5b9071c3-2a1c-4804-9d63-ed855ddc9969.png,819,1024,0.7998,portrait,general_pms_portrait,pms_pain_or_support_system,spreadsheet_pain_or_mascot_support,question_led_or_benefit_led,rounded_high_contrast_button,hostfully_blue_mint_yellow_white,active
img_103,general_PMS_-_SafeZone-16-8f31b68a-7684-413f-b803-a53016096ecf.png,00_source_images/general_PMS_-_SafeZone-16-8f31b68a-7684-413f-b803-a53016096ecf.png,819,1024,0.7998,portrait,general_pms_portrait,pms_pain_or_support_system,spreadsheet_pain_or_mascot_support,question_led_or_benefit_led,rounded_high_contrast_button,hostfully_blue_mint_yellow_white,active
img_104,general_PMS_-_SafeZone-17-1a9aa1cd-cf29-41fa-8fa8-fd23483e0a62.png,00_source_images/general_PMS_-_SafeZone-17-1a9aa1cd-cf29-41fa-8fa8-fd23483e0a62.png,819,1024,0.7998,portrait,general_pms_portrait,pms_pain_or_support_system,spreadsheet_pain_or_mascot_support,question_led_or_benefit_led,rounded_high_contrast_button,hostfully_blue_mint_yellow_white,active
img_105,general_PMS_-_SafeZone-18-24357ee4-84a6-459c-80f0-c3438eab4e19.png,00_source_images/general_PMS_-_SafeZone-18-24357ee4-84a6-459c-80f0-c3438eab4e19.png,819,1024,0.7998,portrait,general_pms_portrait,pms_pain_or_support_system,spreadsheet_pain_or_mascot_support,question_led_or_benefit_led,rounded_high_contrast_button,hostfully_blue_mint_yellow_white,active
img_106,general_PMS_-_SafeZone-19-36bc8df7-e002-473f-8707-ae130507a7e7.png,00_source_images/general_PMS_-_SafeZone-19-36bc8df7-e002-473f-8707-ae130507a7e7.png,819,1024,0.7998,portrait,general_pms_portrait,pms_pain_or_support_system,spreadsheet_pain_or_mascot_support,question_led_or_benefit_led,rounded_high_contrast_button,hostfully_blue_mint_yellow_white,active
img_107,general_PMS_-_SafeZone-2-a15a1f83-f2f3-46e7-ae31-6abff67c5dbe.png,00_source_images/general_PMS_-_SafeZone-2-a15a1f83-f2f3-46e7-ae31-6abff67c5dbe.png,1024,1024,1.0,square,general_pms_square,pms_pain_or_support_system,spreadsheet_pain_or_mascot_support,question_led_or_benefit_led,rounded_high_contrast_button,hostfully_blue_mint_yellow_white,active
img_108,general_PMS_-_SafeZone-20-9f31e42b-fc3f-4943-ae9e-c5dfc7a58cf4.png,00_source_images/general_PMS_-_SafeZone-20-9f31e42b-fc3f-4943-ae9e-c5dfc7a58cf4.png,576,1024,0.5625,portrait,general_pms_portrait,pms_pain_or_support_system,spreadsheet_pain_or_mascot_support,question_led_or_benefit_led,rounded_high_contrast_button,hostfully_blue_mint_yellow_white,active
img_109,general_PMS_-_SafeZone-21-f8e86d6c-ede0-4f3d-a668-f04a4bf5df20.png,00_source_images/general_PMS_-_SafeZone-21-f8e86d6c-ede0-4f3d-a668-f04a4bf5df20.png,576,1024,0.5625,portrait,general_pms_portrait,pms_pain_or_support_system,spreadsheet_pain_or_mascot_support,question_led_or_benefit_led,rounded_high_contrast_button,hostfully_blue_mint_yellow_white,active
img_110,general_PMS_-_SafeZone-22-92f5ce5f-e354-4743-9567-a6d2bee1dd36.png,00_source_images/general_PMS_-_SafeZone-22-92f5ce5f-e354-4743-9567-a6d2bee1dd36.png,576,1024,0.5625,portrait,general_pms_portrait,pms_pain_or_support_system,spreadsheet_pain_or_mascot_support,question_led_or_benefit_led,rounded_high_contrast_button,hostfully_blue_mint_yellow_white,active
img_111,general_PMS_-_SafeZone-23-a122eb2c-55c4-4c09-8915-579bd39f3207.png,00_source_images/general_PMS_-_SafeZone-23-a122eb2c-55c4-4c09-8915-579bd39f3207.png,576,1024,0.5625,portrait,general_pms_portrait,pms_pain_or_support_system,spreadsheet_pain_or_mascot_support,question_led_or_benefit_led,rounded_high_contrast_button,hostfully_blue_mint_yellow_white,active
img_112,general_PMS_-_SafeZone-24-96817fbc-2516-4531-9269-4ee797c0910f.png,00_source_images/general_PMS_-_SafeZone-24-96817fbc-2516-4531-9269-4ee797c0910f.png,576,1024,0.5625,portrait,general_pms_portrait,pms_pain_or_support_system,spreadsheet_pain_or_mascot_support,question_led_or_benefit_led,rounded_high_contrast_button,hostfully_blue_mint_yellow_white,active
img_113,general_PMS_-_SafeZone-25-d486d338-5f83-48a8-b391-137073569141.png,00_source_images/general_PMS_-_SafeZone-25-d486d338-5f83-48a8-b391-137073569141.png,576,1024,0.5625,portrait,general_pms_portrait,pms_pain_or_support_system,spreadsheet_pain_or_mascot_support,question_led_or_benefit_led,rounded_high_contrast_button,hostfully_blue_mint_yellow_white,active
img_114,general_PMS_-_SafeZone-26-93aca196-9f29-4dae-a0a7-279532d4125b.png,00_source_images/general_PMS_-_SafeZone-26-93aca196-9f29-4dae-a0a7-279532d4125b.png,576,1024,0.5625,portrait,general_pms_portrait,pms_pain_or_support_system,spreadsheet_pain_or_mascot_support,question_led_or_benefit_led,rounded_high_contrast_button,hostfully_blue_mint_yellow_white,active
img_115,general_PMS_-_SafeZone-27-e7b01748-5555-44fb-866d-13a9c5a01858.png,00_source_images/general_PMS_-_SafeZone-27-e7b01748-5555-44fb-866d-13a9c5a01858.png,576,1024,0.5625,portrait,general_pms_portrait,pms_pain_or_support_system,spreadsheet_pain_or_mascot_support,question_led_or_benefit_led,rounded_high_contrast_button,hostfully_blue_mint_yellow_white,active
img_116,general_PMS_-_SafeZone-28-c0e368be-2ab3-417f-a93c-475c69d684f8.png,00_source_images/general_PMS_-_SafeZone-28-c0e368be-2ab3-417f-a93c-475c69d684f8.png,576,1024,0.5625,portrait,general_pms_portrait,pms_pain_or_support_system,spreadsheet_pain_or_mascot_support,question_led_or_benefit_led,rounded_high_contrast_button,hostfully_blue_mint_yellow_white,active
img_117,general_PMS_-_SafeZone-29-a34fcc10-fba3-4116-8e42-cfd6e1085137.png,00_source_images/general_PMS_-_SafeZone-29-a34fcc10-fba3-4116-8e42-cfd6e1085137.png,1024,535,1.914,landscape,general_pms_landscape,pms_pain_or_support_system,spreadsheet_pain_or_mascot_support,question_led_or_benefit_led,rounded_high_contrast_button,hostfully_blue_mint_yellow_white,active
img_118,general_PMS_-_SafeZone-3-c564b8be-de83-419c-972f-ff80fcd750fe.png,00_source_images/general_PMS_-_SafeZone-3-c564b8be-de83-419c-972f-ff80fcd750fe.png,1024,1024,1.0,square,general_pms_square,pms_pain_or_support_system,spreadsheet_pain_or_mascot_support,question_led_or_benefit_led,rounded_high_contrast_button,hostfully_blue_mint_yellow_white,active
img_119,general_PMS_-_SafeZone-30-abe7602b-f791-492a-b8a7-c40251da6e0c.png,00_source_images/general_PMS_-_SafeZone-30-abe7602b-f791-492a-b8a7-c40251da6e0c.png,1024,535,1.914,landscape,general_pms_landscape,pms_pain_or_support_system,spreadsheet_pain_or_mascot_support,question_led_or_benefit_led,rounded_high_contrast_button,hostfully_blue_mint_yellow_white,active
img_120,general_PMS_-_SafeZone-31-6fcac8bb-ff97-4906-a7a5-b47e43780674.png,00_source_images/general_PMS_-_SafeZone-31-6fcac8bb-ff97-4906-a7a5-b47e43780674.png,1024,535,1.914,landscape,general_pms_landscape,pms_pain_or_support_system,spreadsheet_pain_or_mascot_support,question_led_or_benefit_led,rounded_high_contrast_button,hostfully_blue_mint_yellow_white,active
img_121,general_PMS_-_SafeZone-4-03857095-7b70-4598-8f8a-77b69e6fd29a.png,00_source_images/general_PMS_-_SafeZone-4-03857095-7b70-4598-8f8a-77b69e6fd29a.png,1024,1024,1.0,square,general_pms_square,pms_pain_or_support_system,spreadsheet_pain_or_mascot_support,question_led_or_benefit_led,rounded_high_contrast_button,hostfully_blue_mint_yellow_white,active
img_122,general_PMS_-_SafeZone-5-017f7448-cac4-4501-9977-59ab8ee4d168.png,00_source_images/general_PMS_-_SafeZone-5-017f7448-cac4-4501-9977-59ab8ee4d168.png,1024,1024,1.0,square,general_pms_square,pms_pain_or_support_system,spreadsheet_pain_or_mascot_support,question_led_or_benefit_led,rounded_high_contrast_button,hostfully_blue_mint_yellow_white,active
img_123,general_PMS_-_SafeZone-6-86963945-602f-4b92-ae6e-abf7b9bb915e.png,00_source_images/general_PMS_-_SafeZone-6-86963945-602f-4b92-ae6e-abf7b9bb915e.png,1024,1024,1.0,square,general_pms_square,pms_pain_or_support_system,spreadsheet_pain_or_mascot_support,question_led_or_benefit_led,rounded_high_contrast_button,hostfully_blue_mint_yellow_white,active
img_124,general_PMS_-_SafeZone-7-19bb2a67-c650-4556-996b-a62b43a6abe5.png,00_source_images/general_PMS_-_SafeZone-7-19bb2a67-c650-4556-996b-a62b43a6abe5.png,1024,1024,1.0,square,general_pms_square,pms_pain_or_support_system,spreadsheet_pain_or_mascot_support,question_led_or_benefit_led,rounded_high_contrast_button,hostfully_blue_mint_yellow_white,active
img_125,general_PMS_-_SafeZone-8-a55b6b33-ebcd-4bef-af81-17d822179dac.png,00_source_images/general_PMS_-_SafeZone-8-a55b6b33-ebcd-4bef-af81-17d822179dac.png,1024,1024,1.0,square,general_pms_square,pms_pain_or_support_system,spreadsheet_pain_or_mascot_support,question_led_or_benefit_led,rounded_high_contrast_button,hostfully_blue_mint_yellow_white,active
img_126,general_PMS_-_SafeZone-9-76beb26c-a6ba-4790-80e4-1ee4d27b58ca.png,00_source_images/general_PMS_-_SafeZone-9-76beb26c-a6ba-4790-80e4-1ee4d27b58ca.png,1024,1024,1.0,square,general_pms_square,pms_pain_or_support_system,spreadsheet_pain_or_mascot_support,question_led_or_benefit_led,rounded_high_contrast_button,hostfully_blue_mint_yellow_white,active
