campaign.resourceName,campaign.name,adGroup.resourceName,adGroup.name,metrics.clicks,metrics.conversions,metrics.ctr,metrics.impressions,adGroupAd.resourceName,adGroupAd.ad.resourceName,adGroupAd.ad.id,asset.resourceName,asset.textAsset.text,asset.id,adGroupAdAssetView.resourceName,adGroupAdAssetView.fieldType,adGroupAdAssetView.performanceLabel,asset.name,utm_campaign_norm,roi_priority_weight
customers/2565189582/campaigns/23657942340,ca-us_pms_search,customers/2565189582/adGroups/191309906541,ca-us_pms_phrase,58,1,0.03090037293553543,1877,customers/2565189582/adGroupAds/191309906541~800782444013,customers/2565189582/ads/800782444013,800782444013,customers/2565189582/assets/297834518142,"The leading property management software for Airbnb, VRBO, and other rental properties.",297834518142,customers/2565189582/adGroupAdAssetViews/191309906541~800782444013~297834518142~DESCRIPTION,DESCRIPTION,NOT_APPLICABLE,,,
customers/2565189582/campaigns/23658078636,au-uk_pms_search,customers/2565189582/adGroups/195976497564,au-uk_pms_phrase,56,0,0.03796610169491525,1475,customers/2565189582/adGroupAds/195976497564~800674113561,customers/2565189582/ads/800674113561,800674113561,customers/2565189582/assets/337426327261,"The leading property management software for Airbnb, VRBO, and other letting properties.",337426327261,customers/2565189582/adGroupAdAssetViews/195976497564~800674113561~337426327261~DESCRIPTION,DESCRIPTION,NOT_APPLICABLE,,,
customers/2565189582/campaigns/23657942340,ca-us_pms_search,customers/2565189582/adGroups/191309906541,ca-us_pms_phrase,42,1,0.029085872576177285,1444,customers/2565189582/adGroupAds/191309906541~800782444013,customers/2565189582/ads/800782444013,800782444013,customers/2565189582/assets/297834518259,{KeyWord:Short-Term Rental Software},297834518259,customers/2565189582/adGroupAdAssetViews/191309906541~800782444013~297834518259~HEADLINE,HEADLINE,NOT_APPLICABLE,,,
customers/2565189582/campaigns/23622401230,ca-us_brand_search,customers/2565189582/adGroups/193498596189,ca-us_brand_exact,745,22.75,0.5576347305389222,1336,customers/2565189582/adGroupAds/193498596189~798968901280,customers/2565189582/ads/798968901280,798968901280,customers/2565189582/assets/1476017562,Hostfully,1476017562,customers/2565189582/adGroupAdAssetViews/193498596189~798968901280~1476017562~HEADLINE,HEADLINE,NOT_APPLICABLE,,,
customers/2565189582/campaigns/23658078636,au-uk_pms_search,customers/2565189582/adGroups/195976497564,au-uk_pms_phrase,50,1,0.040032025620496396,1249,customers/2565189582/adGroupAds/195976497564~800674113561,customers/2565189582/ads/800674113561,800674113561,customers/2565189582/assets/340619883704,{KeyWord:Short-Term Letting Software},340619883704,customers/2565189582/adGroupAdAssetViews/195976497564~800674113561~340619883704~HEADLINE,HEADLINE,NOT_APPLICABLE,,,
customers/2565189582/campaigns/23622401230,ca-us_brand_search,customers/2565189582/adGroups/193498596189,ca-us_brand_exact,633,21.75,0.5192780968006563,1219,customers/2565189582/adGroupAds/193498596189~798968901280,customers/2565189582/ads/798968901280,798968901280,customers/2565189582/assets/297834518142,"The leading property management software for Airbnb, VRBO, and other rental properties.",297834518142,customers/2565189582/adGroupAdAssetViews/193498596189~798968901280~297834518142~DESCRIPTION,DESCRIPTION,NOT_APPLICABLE,,,
customers/2565189582/campaigns/23657942340,ca-us_pms_search,customers/2565189582/adGroups/191309906541,ca-us_pms_phrase,34,1,0.030881017257039057,1101,customers/2565189582/adGroupAds/191309906541~800782444013,customers/2565189582/ads/800782444013,800782444013,customers/2565189582/assets/297834518250,Optimize your short-term rentals with Hostfully’s rental management software.,297834518250,customers/2565189582/adGroupAdAssetViews/191309906541~800782444013~297834518250~DESCRIPTION,DESCRIPTION,NOT_APPLICABLE,,,
customers/2565189582/campaigns/22161538996,Hostfully - Search - Brand - US/CAN,customers/2565189582/adGroups/175488384442,Brand Core,379,8,0.38360323886639675,988,customers/2565189582/adGroupAds/175488384442~730292443612,customers/2565189582/ads/730292443612,730292443612,customers/2565189582/assets/1476017562,Hostfully,1476017562,customers/2565189582/adGroupAdAssetViews/175488384442~730292443612~1476017562~HEADLINE,HEADLINE,NOT_APPLICABLE,,Hostfully - Search - Brand - US/CAN,0.0
customers/2565189582/campaigns/23622401230,ca-us_brand_search,customers/2565189582/adGroups/193498596189,ca-us_brand_exact,438,7.5,0.4714747039827772,929,customers/2565189582/adGroupAds/193498596189~798968901280,customers/2565189582/ads/798968901280,798968901280,customers/2565189582/assets/305748566463,"Connect to 120+ industry partners for property cleaning, insurance & marketing automation.",305748566463,customers/2565189582/adGroupAdAssetViews/193498596189~798968901280~305748566463~DESCRIPTION,DESCRIPTION,NOT_APPLICABLE,,,
customers/2565189582/campaigns/23658078636,au-uk_pms_search,customers/2565189582/adGroups/195976497564,au-uk_pms_phrase,24,0,0.034334763948497854,699,customers/2565189582/adGroupAds/195976497564~800674113561,customers/2565189582/ads/800674113561,800674113561,customers/2565189582/assets/297834518115,All-in-One PMS Solution,297834518115,customers/2565189582/adGroupAdAssetViews/195976497564~800674113561~297834518115~HEADLINE,HEADLINE,NOT_APPLICABLE,,,
customers/2565189582/campaigns/23658078636,au-uk_pms_search,customers/2565189582/adGroups/195976497564,au-uk_pms_phrase,24,1,0.03592814371257485,668,customers/2565189582/adGroupAds/195976497564~800674113561,customers/2565189582/ads/800674113561,800674113561,customers/2565189582/assets/340619883713,Optimize your short-term lets with Hostfully’s rental management software.,340619883713,customers/2565189582/adGroupAdAssetViews/195976497564~800674113561~340619883713~DESCRIPTION,DESCRIPTION,NOT_APPLICABLE,,,
customers/2565189582/campaigns/22161538996,Hostfully - Search - Brand - US/CAN,customers/2565189582/adGroups/175488384442,Brand Core,280,3,0.4327666151468315,647,customers/2565189582/adGroupAds/175488384442~778278987755,customers/2565189582/ads/778278987755,778278987755,customers/2565189582/assets/1476017562,Hostfully,1476017562,customers/2565189582/adGroupAdAssetViews/175488384442~778278987755~1476017562~HEADLINE,HEADLINE,NOT_APPLICABLE,,Hostfully - Search - Brand - US/CAN,0.0
customers/2565189582/campaigns/23622401230,ca-us_brand_search,customers/2565189582/adGroups/193498596189,ca-us_brand_exact,210,3.25,0.32608695652173914,644,customers/2565189582/adGroupAds/193498596189~798968901280,customers/2565189582/ads/798968901280,798968901280,customers/2565189582/assets/113639216510,Property Management Software,113639216510,customers/2565189582/adGroupAdAssetViews/193498596189~798968901280~113639216510~HEADLINE,HEADLINE,NOT_APPLICABLE,,,
customers/2565189582/campaigns/23622401230,ca-us_brand_search,customers/2565189582/adGroups/193498596189,ca-us_brand_exact,329,13.25,0.5140625,640,customers/2565189582/adGroupAds/193498596189~798968901280,customers/2565189582/ads/798968901280,798968901280,customers/2565189582/assets/297834518139,Choose the vacation rental manager that gives you the most flexibility at the best price.,297834518139,customers/2565189582/adGroupAdAssetViews/193498596189~798968901280~297834518139~DESCRIPTION,DESCRIPTION,NOT_APPLICABLE,,,
customers/2565189582/campaigns/23657942340,ca-us_pms_search,customers/2565189582/adGroups/191309906541,ca-us_pms_phrase,28,1,0.0448,625,customers/2565189582/adGroupAds/191309906541~800782444013,customers/2565189582/ads/800782444013,800782444013,customers/2565189582/assets/297834518115,All-in-One PMS Solution,297834518115,customers/2565189582/adGroupAdAssetViews/191309906541~800782444013~297834518115~HEADLINE,HEADLINE,NOT_APPLICABLE,,,
customers/2565189582/campaigns/22161538996,Hostfully - Search - Brand - US/CAN,customers/2565189582/adGroups/175488384442,Brand Core,256,5,0.42953020134228187,596,customers/2565189582/adGroupAds/175488384442~778278987755,customers/2565189582/ads/778278987755,778278987755,customers/2565189582/assets/297834518142,"The leading property management software for Airbnb, VRBO, and other rental properties.",297834518142,customers/2565189582/adGroupAdAssetViews/175488384442~778278987755~297834518142~DESCRIPTION,DESCRIPTION,NOT_APPLICABLE,,Hostfully - Search - Brand - US/CAN,0.0
customers/2565189582/campaigns/23657942340,ca-us_pms_search,customers/2565189582/adGroups/191309906541,ca-us_pms_phrase,20,0,0.034071550255536626,587,customers/2565189582/adGroupAds/191309906541~800782444013,customers/2565189582/ads/800782444013,800782444013,customers/2565189582/assets/297834518118,Happiest Hosts Choose Us,297834518118,customers/2565189582/adGroupAdAssetViews/191309906541~800782444013~297834518118~HEADLINE,HEADLINE,NOT_APPLICABLE,,,
customers/2565189582/campaigns/23622401230,ca-us_brand_search,customers/2565189582/adGroups/193498596229,ca-us_brand_phrase,111,2.25,0.19204152249134948,578,customers/2565189582/adGroupAds/193498596229~799044719174,customers/2565189582/ads/799044719174,799044719174,customers/2565189582/assets/297834518142,"The leading property management software for Airbnb, VRBO, and other rental properties.",297834518142,customers/2565189582/adGroupAdAssetViews/193498596229~799044719174~297834518142~DESCRIPTION,DESCRIPTION,NOT_APPLICABLE,,,
customers/2565189582/campaigns/22161538996,Hostfully - Search - Brand - US/CAN,customers/2565189582/adGroups/175488384442,Brand Core,233,5,0.4213381555153707,553,customers/2565189582/adGroupAds/175488384442~730292443612,customers/2565189582/ads/730292443612,730292443612,customers/2565189582/assets/177862501842,Hostfully Property Management,177862501842,customers/2565189582/adGroupAdAssetViews/175488384442~730292443612~177862501842~HEADLINE,HEADLINE,NOT_APPLICABLE,,Hostfully - Search - Brand - US/CAN,0.0
customers/2565189582/campaigns/22161538996,Hostfully - Search - Brand - US/CAN,customers/2565189582/adGroups/175488384442,Brand Core,207,4,0.3898305084745763,531,customers/2565189582/adGroupAds/175488384442~730292443612,customers/2565189582/ads/730292443612,730292443612,customers/2565189582/assets/326919619539,Optimize your short-term rentals with Hostfully’s property management software for hosts.,326919619539,customers/2565189582/adGroupAdAssetViews/175488384442~730292443612~326919619539~DESCRIPTION,DESCRIPTION,NOT_APPLICABLE,,Hostfully - Search - Brand - US/CAN,0.0
customers/2565189582/campaigns/23622401230,ca-us_brand_search,customers/2565189582/adGroups/193498596189,ca-us_brand_exact,283,4.5,0.5442307692307692,520,customers/2565189582/adGroupAds/193498596189~798968901280,customers/2565189582/ads/798968901280,798968901280,customers/2565189582/assets/177862501842,Hostfully Property Management,177862501842,customers/2565189582/adGroupAdAssetViews/193498596189~798968901280~177862501842~HEADLINE,HEADLINE,NOT_APPLICABLE,,,
customers/2565189582/campaigns/22161538996,Hostfully - Search - Brand - US/CAN,customers/2565189582/adGroups/175488384442,Brand Core,217,5,0.4297029702970297,505,customers/2565189582/adGroupAds/175488384442~730292443612,customers/2565189582/ads/730292443612,730292443612,customers/2565189582/assets/297834518139,Choose the vacation rental manager that gives you the most flexibility at the best price.,297834518139,customers/2565189582/adGroupAdAssetViews/175488384442~730292443612~297834518139~DESCRIPTION,DESCRIPTION,NOT_APPLICABLE,,Hostfully - Search - Brand - US/CAN,0.0
customers/2565189582/campaigns/22161538996,Hostfully - Search - Brand - US/CAN,customers/2565189582/adGroups/175488384442,Brand Core,176,4,0.3527054108216433,499,customers/2565189582/adGroupAds/175488384442~730292443612,customers/2565189582/ads/730292443612,730292443612,customers/2565189582/assets/297834518142,"The leading property management software for Airbnb, VRBO, and other rental properties.",297834518142,customers/2565189582/adGroupAdAssetViews/175488384442~730292443612~297834518142~DESCRIPTION,DESCRIPTION,NOT_APPLICABLE,,Hostfully - Search - Brand - US/CAN,0.0
customers/2565189582/campaigns/23657942340,ca-us_pms_search,customers/2565189582/adGroups/191309906541,ca-us_pms_phrase,19,0,0.040169133192389,473,customers/2565189582/adGroupAds/191309906541~800782444013,customers/2565189582/ads/800782444013,800782444013,customers/2565189582/assets/297834518244,Short-Term Rental Automation,297834518244,customers/2565189582/adGroupAdAssetViews/191309906541~800782444013~297834518244~HEADLINE,HEADLINE,NOT_APPLICABLE,,,
customers/2565189582/campaigns/23658078636,au-uk_pms_search,customers/2565189582/adGroups/195976497564,au-uk_pms_phrase,22,1,0.048034934497816595,458,customers/2565189582/adGroupAds/195976497564~800674113561,customers/2565189582/ads/800674113561,800674113561,customers/2565189582/assets/340618554176,Choose the STR management software that gives you the most flexibility at the best price.,340618554176,customers/2565189582/adGroupAdAssetViews/195976497564~800674113561~340618554176~DESCRIPTION,DESCRIPTION,NOT_APPLICABLE,,,
customers/2565189582/campaigns/22161538996,Hostfully - Search - Brand - US/CAN,customers/2565189582/adGroups/175488384442,Brand Core,210,1,0.46875,448,customers/2565189582/adGroupAds/175488384442~778278987755,customers/2565189582/ads/778278987755,778278987755,customers/2565189582/assets/177862501842,Hostfully Property Management,177862501842,customers/2565189582/adGroupAdAssetViews/175488384442~778278987755~177862501842~HEADLINE,HEADLINE,NOT_APPLICABLE,,Hostfully - Search - Brand - US/CAN,0.0
customers/2565189582/campaigns/23657942340,ca-us_pms_search,customers/2565189582/adGroups/191309906541,ca-us_pms_phrase,16,0,0.03800475059382423,421,customers/2565189582/adGroupAds/191309906541~800782444013,customers/2565189582/ads/800782444013,800782444013,customers/2565189582/assets/340618554176,Choose the STR management software that gives you the most flexibility at the best price.,340618554176,customers/2565189582/adGroupAdAssetViews/191309906541~800782444013~340618554176~DESCRIPTION,DESCRIPTION,NOT_APPLICABLE,,,
customers/2565189582/campaigns/23658078636,au-uk_pms_search,customers/2565189582/adGroups/195976497564,au-uk_pms_phrase,26,0,0.06666666666666667,390,customers/2565189582/adGroupAds/195976497564~800674113561,customers/2565189582/ads/800674113561,800674113561,customers/2565189582/assets/113639216510,Property Management Software,113639216510,customers/2565189582/adGroupAdAssetViews/195976497564~800674113561~113639216510~HEADLINE,HEADLINE,NOT_APPLICABLE,,,
customers/2565189582/campaigns/22161538996,Hostfully - Search - Brand - US/CAN,customers/2565189582/adGroups/175488384442,Brand Core,185,2,0.47680412371134023,388,customers/2565189582/adGroupAds/175488384442~778278987755,customers/2565189582/ads/778278987755,778278987755,customers/2565189582/assets/297834518139,Choose the vacation rental manager that gives you the most flexibility at the best price.,297834518139,customers/2565189582/adGroupAdAssetViews/175488384442~778278987755~297834518139~DESCRIPTION,DESCRIPTION,NOT_APPLICABLE,,Hostfully - Search - Brand - US/CAN,0.0
customers/2565189582/campaigns/23622401230,ca-us_brand_search,customers/2565189582/adGroups/193498596189,ca-us_brand_exact,218,13,0.5677083333333334,384,customers/2565189582/adGroupAds/193498596189~798968901280,customers/2565189582/ads/798968901280,798968901280,customers/2565189582/assets/242415980319,Property Management Made Easy,242415980319,customers/2565189582/adGroupAdAssetViews/193498596189~798968901280~242415980319~HEADLINE,HEADLINE,NOT_APPLICABLE,,,
customers/2565189582/campaigns/22161538996,Hostfully - Search - Brand - US/CAN,customers/2565189582/adGroups/175488384442,Brand Core,167,2,0.4417989417989418,378,customers/2565189582/adGroupAds/175488384442~730292443612,customers/2565189582/ads/730292443612,730292443612,customers/2565189582/assets/326919619536,"Thousands of vacation rental owners use Hostfully to automate, increase profit, and scale.",326919619536,customers/2565189582/adGroupAdAssetViews/175488384442~730292443612~326919619536~DESCRIPTION,DESCRIPTION,NOT_APPLICABLE,,Hostfully - Search - Brand - US/CAN,0.0
customers/2565189582/campaigns/23657942340,ca-us_pms_search,customers/2565189582/adGroups/191309906541,ca-us_pms_phrase,6,0,0.015915119363395226,377,customers/2565189582/adGroupAds/191309906541~800782444013,customers/2565189582/ads/800782444013,800782444013,customers/2565189582/assets/113639216510,Property Management Software,113639216510,customers/2565189582/adGroupAdAssetViews/191309906541~800782444013~113639216510~HEADLINE,HEADLINE,NOT_APPLICABLE,,,
customers/2565189582/campaigns/23622401230,ca-us_brand_search,customers/2565189582/adGroups/193498596229,ca-us_brand_phrase,16,0,0.04289544235924933,373,customers/2565189582/adGroupAds/193498596229~799044719174,customers/2565189582/ads/799044719174,799044719174,customers/2565189582/assets/297834518130,Grow Faster With Hostfully,297834518130,customers/2565189582/adGroupAdAssetViews/193498596229~799044719174~297834518130~HEADLINE,HEADLINE,NOT_APPLICABLE,,,
customers/2565189582/campaigns/23622401230,ca-us_brand_search,customers/2565189582/adGroups/193498596189,ca-us_brand_exact,157,2,0.4410112359550562,356,customers/2565189582/adGroupAds/193498596189~798968901280,customers/2565189582/ads/798968901280,798968901280,customers/2565189582/assets/297834518145,"Thousands of vacation rental owners use Hostfully to automate, save time, increase revenue",297834518145,customers/2565189582/adGroupAdAssetViews/193498596189~798968901280~297834518145~DESCRIPTION,DESCRIPTION,NOT_APPLICABLE,,,
customers/2565189582/campaigns/23657942340,ca-us_pms_search,customers/2565189582/adGroups/191309906541,ca-us_pms_phrase,16,2,0.045454545454545456,352,customers/2565189582/adGroupAds/191309906541~800782444013,customers/2565189582/ads/800782444013,800782444013,customers/2565189582/assets/297834518112,Save 4 Hours Per Day,297834518112,customers/2565189582/adGroupAdAssetViews/191309906541~800782444013~297834518112~HEADLINE,HEADLINE,NOT_APPLICABLE,,,
customers/2565189582/campaigns/22161538996,Hostfully - Search - Brand - US/CAN,customers/2565189582/adGroups/175488384442,Brand Core,174,3.333333,0.49572649572649574,351,customers/2565189582/adGroupAds/175488384442~778278987755,customers/2565189582/ads/778278987755,778278987755,customers/2565189582/assets/305748566463,"Connect to 120+ industry partners for property cleaning, insurance & marketing automation.",305748566463,customers/2565189582/adGroupAdAssetViews/175488384442~778278987755~305748566463~DESCRIPTION,DESCRIPTION,NOT_APPLICABLE,,Hostfully - Search - Brand - US/CAN,0.0
customers/2565189582/campaigns/23658078636,au-uk_pms_search,customers/2565189582/adGroups/195976497564,au-uk_pms_phrase,12,0,0.034482758620689655,348,customers/2565189582/adGroupAds/195976497564~800674113561,customers/2565189582/ads/800674113561,800674113561,customers/2565189582/assets/297834518118,Happiest Hosts Choose Us,297834518118,customers/2565189582/adGroupAdAssetViews/195976497564~800674113561~297834518118~HEADLINE,HEADLINE,NOT_APPLICABLE,,,
customers/2565189582/campaigns/23657942340,ca-us_pms_search,customers/2565189582/adGroups/191309906541,ca-us_pms_phrase,11,0,0.031791907514450865,346,customers/2565189582/adGroupAds/191309906541~800782444013,customers/2565189582/ads/800782444013,800782444013,customers/2565189582/assets/242415980319,Property Management Made Easy,242415980319,customers/2565189582/adGroupAdAssetViews/191309906541~800782444013~242415980319~HEADLINE,HEADLINE,NOT_APPLICABLE,,,
customers/2565189582/campaigns/23622401230,ca-us_brand_search,customers/2565189582/adGroups/193498596229,ca-us_brand_phrase,53,2,0.16459627329192547,322,customers/2565189582/adGroupAds/193498596229~799044719174,customers/2565189582/ads/799044719174,799044719174,customers/2565189582/assets/305748566463,"Connect to 120+ industry partners for property cleaning, insurance & marketing automation.",305748566463,customers/2565189582/adGroupAdAssetViews/193498596229~799044719174~305748566463~DESCRIPTION,DESCRIPTION,NOT_APPLICABLE,,,
customers/2565189582/campaigns/23622401230,ca-us_brand_search,customers/2565189582/adGroups/193498596229,ca-us_brand_phrase,89,2,0.28164556962025317,316,customers/2565189582/adGroupAds/193498596229~799044719174,customers/2565189582/ads/799044719174,799044719174,customers/2565189582/assets/1476017562,Hostfully,1476017562,customers/2565189582/adGroupAdAssetViews/193498596229~799044719174~1476017562~HEADLINE,HEADLINE,NOT_APPLICABLE,,,
customers/2565189582/campaigns/23657942340,ca-us_pms_search,customers/2565189582/adGroups/191309906541,ca-us_pms_phrase,7,0,0.022222222222222223,315,customers/2565189582/adGroupAds/191309906541~800782444013,customers/2565189582/ads/800782444013,800782444013,customers/2565189582/assets/340618554179,"Thousands of STR owners use Hostfully to automate, save time, increase revenue.",340618554179,customers/2565189582/adGroupAdAssetViews/191309906541~800782444013~340618554179~DESCRIPTION,DESCRIPTION,NOT_APPLICABLE,,,
customers/2565189582/campaigns/22161538996,Hostfully - Search - Brand - US/CAN,customers/2565189582/adGroups/175488384442,Brand Core,96,1,0.3086816720257235,311,customers/2565189582/adGroupAds/175488384442~730292443612,customers/2565189582/ads/730292443612,730292443612,customers/2565189582/assets/242415980319,Property Management Made Easy,242415980319,customers/2565189582/adGroupAdAssetViews/175488384442~730292443612~242415980319~HEADLINE,HEADLINE,NOT_APPLICABLE,,Hostfully - Search - Brand - US/CAN,0.0
customers/2565189582/campaigns/23622401230,ca-us_brand_search,customers/2565189582/adGroups/193498596229,ca-us_brand_phrase,58,1,0.19269102990033224,301,customers/2565189582/adGroupAds/193498596229~799044719174,customers/2565189582/ads/799044719174,799044719174,customers/2565189582/assets/297834518139,Choose the vacation rental manager that gives you the most flexibility at the best price.,297834518139,customers/2565189582/adGroupAdAssetViews/193498596229~799044719174~297834518139~DESCRIPTION,DESCRIPTION,NOT_APPLICABLE,,,
customers/2565189582/campaigns/23619221250,au-uk_brand_search,customers/2565189582/adGroups/193560810923,au-uk_brand_exact,121,5,0.40468227424749165,299,customers/2565189582/adGroupAds/193560810923~799149197700,customers/2565189582/ads/799149197700,799149197700,customers/2565189582/assets/337426327261,"The leading property management software for Airbnb, VRBO, and other letting properties.",337426327261,customers/2565189582/adGroupAdAssetViews/193560810923~799149197700~337426327261~DESCRIPTION,DESCRIPTION,NOT_APPLICABLE,,,
customers/2565189582/campaigns/23622401230,ca-us_brand_search,customers/2565189582/adGroups/193498596189,ca-us_brand_exact,159,5,0.5353535353535354,297,customers/2565189582/adGroupAds/193498596189~798968901280,customers/2565189582/ads/798968901280,798968901280,customers/2565189582/assets/297834518103,Starting at $15/property,297834518103,customers/2565189582/adGroupAdAssetViews/193498596189~798968901280~297834518103~HEADLINE,HEADLINE,NOT_APPLICABLE,,,
customers/2565189582/campaigns/23657942340,ca-us_pms_search,customers/2565189582/adGroups/191309906541,ca-us_pms_phrase,5,0,0.017006802721088437,294,customers/2565189582/adGroupAds/191309906541~800782444013,customers/2565189582/ads/800782444013,800782444013,customers/2565189582/assets/340618554167,STR Management Software,340618554167,customers/2565189582/adGroupAdAssetViews/191309906541~800782444013~340618554167~HEADLINE,HEADLINE,NOT_APPLICABLE,,,
customers/2565189582/campaigns/22161538996,Hostfully - Search - Brand - US/CAN,customers/2565189582/adGroups/175488384442,Brand Core,150,2,0.5154639175257731,291,customers/2565189582/adGroupAds/175488384442~730292443612,customers/2565189582/ads/730292443612,730292443612,customers/2565189582/assets/113639216510,Property Management Software,113639216510,customers/2565189582/adGroupAdAssetViews/175488384442~730292443612~113639216510~HEADLINE,HEADLINE,NOT_APPLICABLE,,Hostfully - Search - Brand - US/CAN,0.0
customers/2565189582/campaigns/23658078636,au-uk_pms_search,customers/2565189582/adGroups/195976497564,au-uk_pms_phrase,16,0,0.05776173285198556,277,customers/2565189582/adGroupAds/195976497564~800674113561,customers/2565189582/ads/800674113561,800674113561,customers/2565189582/assets/242415980319,Property Management Made Easy,242415980319,customers/2565189582/adGroupAdAssetViews/195976497564~800674113561~242415980319~HEADLINE,HEADLINE,NOT_APPLICABLE,,,
customers/2565189582/campaigns/23622401230,ca-us_brand_search,customers/2565189582/adGroups/193498596229,ca-us_brand_phrase,30,0,0.10869565217391304,276,customers/2565189582/adGroupAds/193498596229~799044719174,customers/2565189582/ads/799044719174,799044719174,customers/2565189582/assets/297834518118,Happiest Hosts Choose Us,297834518118,customers/2565189582/adGroupAdAssetViews/193498596229~799044719174~297834518118~HEADLINE,HEADLINE,NOT_APPLICABLE,,,
customers/2565189582/campaigns/23619221250,au-uk_brand_search,customers/2565189582/adGroups/193560810923,au-uk_brand_exact,97,0,0.35661764705882354,272,customers/2565189582/adGroupAds/193560810923~799149197700,customers/2565189582/ads/799149197700,799149197700,customers/2565189582/assets/305748566463,"Connect to 120+ industry partners for property cleaning, insurance & marketing automation.",305748566463,customers/2565189582/adGroupAdAssetViews/193560810923~799149197700~305748566463~DESCRIPTION,DESCRIPTION,NOT_APPLICABLE,,,
customers/2565189582/campaigns/23622401230,ca-us_brand_search,customers/2565189582/adGroups/193498596189,ca-us_brand_exact,17,0,0.06666666666666667,255,customers/2565189582/adGroupAds/193498596189~798968901280,customers/2565189582/ads/798968901280,798968901280,customers/2565189582/assets/297834518130,Grow Faster With Hostfully,297834518130,customers/2565189582/adGroupAdAssetViews/193498596189~798968901280~297834518130~HEADLINE,HEADLINE,NOT_APPLICABLE,,,
customers/2565189582/campaigns/23619221250,au-uk_brand_search,customers/2565189582/adGroups/193560810923,au-uk_brand_exact,119,4,0.47035573122529645,253,customers/2565189582/adGroupAds/193560810923~799149197700,customers/2565189582/ads/799149197700,799149197700,customers/2565189582/assets/1476017562,Hostfully,1476017562,customers/2565189582/adGroupAdAssetViews/193560810923~799149197700~1476017562~HEADLINE,HEADLINE,NOT_APPLICABLE,,,
customers/2565189582/campaigns/23658078636,au-uk_pms_search,customers/2565189582/adGroups/195976497564,au-uk_pms_phrase,10,0,0.040160642570281124,249,customers/2565189582/adGroupAds/195976497564~800674113561,customers/2565189582/ads/800674113561,800674113561,customers/2565189582/assets/297834518112,Save 4 Hours Per Day,297834518112,customers/2565189582/adGroupAdAssetViews/195976497564~800674113561~297834518112~HEADLINE,HEADLINE,NOT_APPLICABLE,,,
customers/2565189582/campaigns/23622401230,ca-us_brand_search,customers/2565189582/adGroups/193498596189,ca-us_brand_exact,133,5,0.5428571428571428,245,customers/2565189582/adGroupAds/193498596189~798968901280,customers/2565189582/ads/798968901280,798968901280,customers/2565189582/assets/58894961283,Vacation Rental Software,58894961283,customers/2565189582/adGroupAdAssetViews/193498596189~798968901280~58894961283~HEADLINE,HEADLINE,NOT_APPLICABLE,,,
customers/2565189582/campaigns/23658078636,au-uk_pms_search,customers/2565189582/adGroups/195976497564,au-uk_pms_phrase,7,0,0.028688524590163935,244,customers/2565189582/adGroupAds/195976497564~800674113561,customers/2565189582/ads/800674113561,800674113561,customers/2565189582/assets/340618554167,STR Management Software,340618554167,customers/2565189582/adGroupAdAssetViews/195976497564~800674113561~340618554167~HEADLINE,HEADLINE,NOT_APPLICABLE,,,
customers/2565189582/campaigns/23619221250,au-uk_brand_search,customers/2565189582/adGroups/193560810883,au-uk_brand_phrase,31,0,0.13656387665198239,227,customers/2565189582/adGroupAds/193560810883~799258748291,customers/2565189582/ads/799258748291,799258748291,customers/2565189582/assets/337426327261,"The leading property management software for Airbnb, VRBO, and other letting properties.",337426327261,customers/2565189582/adGroupAdAssetViews/193560810883~799258748291~337426327261~DESCRIPTION,DESCRIPTION,NOT_APPLICABLE,,,
customers/2565189582/campaigns/22161538996,Hostfully - Search - Brand - US/CAN,customers/2565189582/adGroups/175488384442,Brand Core,112,2,0.5358851674641149,209,customers/2565189582/adGroupAds/175488384442~778278987755,customers/2565189582/ads/778278987755,778278987755,customers/2565189582/assets/113639216510,Property Management Software,113639216510,customers/2565189582/adGroupAdAssetViews/175488384442~778278987755~113639216510~HEADLINE,HEADLINE,NOT_APPLICABLE,,Hostfully - Search - Brand - US/CAN,0.0
customers/2565189582/campaigns/23657942340,ca-us_pms_search,customers/2565189582/adGroups/191309906541,ca-us_pms_phrase,6,0,0.028708133971291867,209,customers/2565189582/adGroupAds/191309906541~800782444013,customers/2565189582/ads/800782444013,800782444013,customers/2565189582/assets/297834518247,Easily Manage Rental Property,297834518247,customers/2565189582/adGroupAdAssetViews/191309906541~800782444013~297834518247~HEADLINE,HEADLINE,NOT_APPLICABLE,,,
customers/2565189582/campaigns/23619221250,au-uk_brand_search,customers/2565189582/adGroups/193560810883,au-uk_brand_phrase,23,0,0.11004784688995216,209,customers/2565189582/adGroupAds/193560810883~799258748291,customers/2565189582/ads/799258748291,799258748291,customers/2565189582/assets/297834518118,Happiest Hosts Choose Us,297834518118,customers/2565189582/adGroupAdAssetViews/193560810883~799258748291~297834518118~HEADLINE,HEADLINE,NOT_APPLICABLE,,,
customers/2565189582/campaigns/23619221250,au-uk_brand_search,customers/2565189582/adGroups/193560810923,au-uk_brand_exact,27,2,0.13043478260869565,207,customers/2565189582/adGroupAds/193560810923~799149197700,customers/2565189582/ads/799149197700,799149197700,customers/2565189582/assets/297834518118,Happiest Hosts Choose Us,297834518118,customers/2565189582/adGroupAdAssetViews/193560810923~799149197700~297834518118~HEADLINE,HEADLINE,NOT_APPLICABLE,,,
customers/2565189582/campaigns/23619221250,au-uk_brand_search,customers/2565189582/adGroups/193560810883,au-uk_brand_phrase,22,0,0.10784313725490197,204,customers/2565189582/adGroupAds/193560810883~799258748291,customers/2565189582/ads/799258748291,799258748291,customers/2565189582/assets/297834518103,Starting at $15/property,297834518103,customers/2565189582/adGroupAdAssetViews/193560810883~799258748291~297834518103~HEADLINE,HEADLINE,NOT_APPLICABLE,,,
customers/2565189582/campaigns/23657942340,ca-us_pms_search,customers/2565189582/adGroups/191309906541,ca-us_pms_phrase,10,0,0.05128205128205128,195,customers/2565189582/adGroupAds/191309906541~800782444013,customers/2565189582/ads/800782444013,800782444013,customers/2565189582/assets/58894961283,Vacation Rental Software,58894961283,customers/2565189582/adGroupAdAssetViews/191309906541~800782444013~58894961283~HEADLINE,HEADLINE,NOT_APPLICABLE,,,
customers/2565189582/campaigns/23619221250,au-uk_brand_search,customers/2565189582/adGroups/193560810883,au-uk_brand_phrase,21,0,0.10880829015544041,193,customers/2565189582/adGroupAds/193560810883~799258748291,customers/2565189582/ads/799258748291,799258748291,customers/2565189582/assets/305748566463,"Connect to 120+ industry partners for property cleaning, insurance & marketing automation.",305748566463,customers/2565189582/adGroupAdAssetViews/193560810883~799258748291~305748566463~DESCRIPTION,DESCRIPTION,NOT_APPLICABLE,,,
customers/2565189582/campaigns/23622401230,ca-us_brand_search,customers/2565189582/adGroups/193498596229,ca-us_brand_phrase,33,1.75,0.171875,192,customers/2565189582/adGroupAds/193498596229~799044719174,customers/2565189582/ads/799044719174,799044719174,customers/2565189582/assets/297834518103,Starting at $15/property,297834518103,customers/2565189582/adGroupAdAssetViews/193498596229~799044719174~297834518103~HEADLINE,HEADLINE,NOT_APPLICABLE,,,
customers/2565189582/campaigns/23657942340,ca-us_pms_search,customers/2565189582/adGroups/191309906541,ca-us_pms_phrase,5,0,0.02617801047120419,191,customers/2565189582/adGroupAds/191309906541~800782444013,customers/2565189582/ads/800782444013,800782444013,customers/2565189582/assets/305748566457,120+ Software Integrations,305748566457,customers/2565189582/adGroupAdAssetViews/191309906541~800782444013~305748566457~HEADLINE,HEADLINE,NOT_APPLICABLE,,,
customers/2565189582/campaigns/23622401230,ca-us_brand_search,customers/2565189582/adGroups/193498596229,ca-us_brand_phrase,13,0,0.06878306878306878,189,customers/2565189582/adGroupAds/193498596229~799044719174,customers/2565189582/ads/799044719174,799044719174,customers/2565189582/assets/113639216510,Property Management Software,113639216510,customers/2565189582/adGroupAdAssetViews/193498596229~799044719174~113639216510~HEADLINE,HEADLINE,NOT_APPLICABLE,,,
customers/2565189582/campaigns/23619221250,au-uk_brand_search,customers/2565189582/adGroups/193560810923,au-uk_brand_exact,39,1,0.2074468085106383,188,customers/2565189582/adGroupAds/193560810923~799149197700,customers/2565189582/ads/799149197700,799149197700,customers/2565189582/assets/297834518103,Starting at $15/property,297834518103,customers/2565189582/adGroupAdAssetViews/193560810923~799149197700~297834518103~HEADLINE,HEADLINE,NOT_APPLICABLE,,,
customers/2565189582/campaigns/23658078636,au-uk_pms_search,customers/2565189582/adGroups/195976497564,au-uk_pms_phrase,9,0,0.04864864864864865,185,customers/2565189582/adGroupAds/195976497564~800674113561,customers/2565189582/ads/800674113561,800674113561,customers/2565189582/assets/340618554179,"Thousands of STR owners use Hostfully to automate, save time, increase revenue.",340618554179,customers/2565189582/adGroupAdAssetViews/195976497564~800674113561~340618554179~DESCRIPTION,DESCRIPTION,NOT_APPLICABLE,,,
customers/2565189582/campaigns/23622401230,ca-us_brand_search,customers/2565189582/adGroups/193498596229,ca-us_brand_phrase,29,1.25,0.16201117318435754,179,customers/2565189582/adGroupAds/193498596229~799044719174,customers/2565189582/ads/799044719174,799044719174,customers/2565189582/assets/297834518145,"Thousands of vacation rental owners use Hostfully to automate, save time, increase revenue",297834518145,customers/2565189582/adGroupAdAssetViews/193498596229~799044719174~297834518145~DESCRIPTION,DESCRIPTION,NOT_APPLICABLE,,,
customers/2565189582/campaigns/22161538996,Hostfully - Search - Brand - US/CAN,customers/2565189582/adGroups/175488384442,Brand Core,81,3,0.4764705882352941,170,customers/2565189582/adGroupAds/175488384442~798879432661,customers/2565189582/ads/798879432661,798879432661,customers/2565189582/assets/336420256852,"""Fast, Modern Vacation Rental Software with Outstanding Customer Support.""",336420256852,customers/2565189582/adGroupAdAssetViews/175488384442~798879432661~336420256852~DESCRIPTION,DESCRIPTION,NOT_APPLICABLE,,Hostfully - Search - Brand - US/CAN,0.0
customers/2565189582/campaigns/22161538996,Hostfully - Search - Brand - US/CAN,customers/2565189582/adGroups/175488384442,Brand Core,50,2,0.3048780487804878,164,customers/2565189582/adGroupAds/175488384442~778278987755,customers/2565189582/ads/778278987755,778278987755,customers/2565189582/assets/242415980319,Property Management Made Easy,242415980319,customers/2565189582/adGroupAdAssetViews/175488384442~778278987755~242415980319~HEADLINE,HEADLINE,NOT_APPLICABLE,,Hostfully - Search - Brand - US/CAN,0.0
customers/2565189582/campaigns/22161538996,Hostfully - Search - Brand - US/CAN,customers/2565189582/adGroups/175488384442,Brand Core,72,1,0.44171779141104295,163,customers/2565189582/adGroupAds/175488384442~730292443612,customers/2565189582/ads/730292443612,730292443612,customers/2565189582/assets/326919619542,Maximize revenue and simplify your short-term rental management with Hostfully PMS.,326919619542,customers/2565189582/adGroupAdAssetViews/175488384442~730292443612~326919619542~DESCRIPTION,DESCRIPTION,NOT_APPLICABLE,,Hostfully - Search - Brand - US/CAN,0.0
customers/2565189582/campaigns/23622401230,ca-us_brand_search,customers/2565189582/adGroups/193498596229,ca-us_brand_phrase,34,1.25,0.21656050955414013,157,customers/2565189582/adGroupAds/193498596229~799044719174,customers/2565189582/ads/799044719174,799044719174,customers/2565189582/assets/177862501842,Hostfully Property Management,177862501842,customers/2565189582/adGroupAdAssetViews/193498596229~799044719174~177862501842~HEADLINE,HEADLINE,NOT_APPLICABLE,,,
customers/2565189582/campaigns/23619221250,au-uk_brand_search,customers/2565189582/adGroups/193560810883,au-uk_brand_phrase,25,0,0.17006802721088435,147,customers/2565189582/adGroupAds/193560810883~799258748291,customers/2565189582/ads/799258748291,799258748291,customers/2565189582/assets/1476017562,Hostfully,1476017562,customers/2565189582/adGroupAdAssetViews/193560810883~799258748291~1476017562~HEADLINE,HEADLINE,NOT_APPLICABLE,,,
customers/2565189582/campaigns/22161538996,Hostfully - Search - Brand - US/CAN,customers/2565189582/adGroups/175488384442,Brand Core,71,3,0.4863013698630137,146,customers/2565189582/adGroupAds/175488384442~798879432661,customers/2565189582/ads/798879432661,798879432661,customers/2565189582/assets/1476017562,Hostfully,1476017562,customers/2565189582/adGroupAdAssetViews/175488384442~798879432661~1476017562~HEADLINE,HEADLINE,NOT_APPLICABLE,,Hostfully - Search - Brand - US/CAN,0.0
customers/2565189582/campaigns/23619221250,au-uk_brand_search,customers/2565189582/adGroups/193560810923,au-uk_brand_exact,47,4,0.32867132867132864,143,customers/2565189582/adGroupAds/193560810923~799149197700,customers/2565189582/ads/799149197700,799149197700,customers/2565189582/assets/337426327258,Choose the holiday letting software that gives you the most flexibility at the best price.,337426327258,customers/2565189582/adGroupAdAssetViews/193560810923~799149197700~337426327258~DESCRIPTION,DESCRIPTION,NOT_APPLICABLE,,,
customers/2565189582/campaigns/23658078636,au-uk_pms_search,customers/2565189582/adGroups/195976497564,au-uk_pms_phrase,4,0,0.028169014084507043,142,customers/2565189582/adGroupAds/195976497564~800674113561,customers/2565189582/ads/800674113561,800674113561,customers/2565189582/assets/305748566457,120+ Software Integrations,305748566457,customers/2565189582/adGroupAdAssetViews/195976497564~800674113561~305748566457~HEADLINE,HEADLINE,NOT_APPLICABLE,,,
customers/2565189582/campaigns/23619221250,au-uk_brand_search,customers/2565189582/adGroups/193560810923,au-uk_brand_exact,19,0,0.1357142857142857,140,customers/2565189582/adGroupAds/193560810923~799149197700,customers/2565189582/ads/799149197700,799149197700,customers/2565189582/assets/297834518124,Book A Free Demo Today,297834518124,customers/2565189582/adGroupAdAssetViews/193560810923~799149197700~297834518124~HEADLINE,HEADLINE,NOT_APPLICABLE,,,
customers/2565189582/campaigns/22161538996,Hostfully - Search - Brand - US/CAN,customers/2565189582/adGroups/175488384442,Brand Core,65,0,0.4744525547445255,137,customers/2565189582/adGroupAds/175488384442~778278987755,customers/2565189582/ads/778278987755,778278987755,customers/2565189582/assets/297834518145,"Thousands of vacation rental owners use Hostfully to automate, save time, increase revenue",297834518145,customers/2565189582/adGroupAdAssetViews/175488384442~778278987755~297834518145~DESCRIPTION,DESCRIPTION,NOT_APPLICABLE,,Hostfully - Search - Brand - US/CAN,0.0
customers/2565189582/campaigns/23622401230,ca-us_brand_search,customers/2565189582/adGroups/193498596189,ca-us_brand_exact,13,0,0.10077519379844961,129,customers/2565189582/adGroupAds/193498596189~798968901280,customers/2565189582/ads/798968901280,798968901280,customers/2565189582/assets/297834518112,Save 4 Hours Per Day,297834518112,customers/2565189582/adGroupAdAssetViews/193498596189~798968901280~297834518112~HEADLINE,HEADLINE,NOT_APPLICABLE,,,
customers/2565189582/campaigns/23619221250,au-uk_brand_search,customers/2565189582/adGroups/193560810883,au-uk_brand_phrase,22,0,0.1732283464566929,127,customers/2565189582/adGroupAds/193560810883~799258748291,customers/2565189582/ads/799258748291,799258748291,customers/2565189582/assets/337426327258,Choose the holiday letting software that gives you the most flexibility at the best price.,337426327258,customers/2565189582/adGroupAdAssetViews/193560810883~799258748291~337426327258~DESCRIPTION,DESCRIPTION,NOT_APPLICABLE,,,
customers/2565189582/campaigns/23619221250,au-uk_brand_search,customers/2565189582/adGroups/193560810923,au-uk_brand_exact,24,2,0.1889763779527559,127,customers/2565189582/adGroupAds/193560810923~799149197700,customers/2565189582/ads/799149197700,799149197700,customers/2565189582/assets/337426327264,"Thousands of holiday letting owners use Hostfully to automate, save time, increase revenue",337426327264,customers/2565189582/adGroupAdAssetViews/193560810923~799149197700~337426327264~DESCRIPTION,DESCRIPTION,NOT_APPLICABLE,,,
customers/2565189582/campaigns/23658078636,au-uk_pms_search,customers/2565189582/adGroups/195976497564,au-uk_pms_phrase,4,1,0.031746031746031744,126,customers/2565189582/adGroupAds/195976497564~800674113561,customers/2565189582/ads/800674113561,800674113561,customers/2565189582/assets/58894961283,Vacation Rental Software,58894961283,customers/2565189582/adGroupAdAssetViews/195976497564~800674113561~58894961283~HEADLINE,HEADLINE,NOT_APPLICABLE,,,
customers/2565189582/campaigns/22161538996,Hostfully - Search - Brand - US/CAN,customers/2565189582/adGroups/175488384442,Brand Core,46,0,0.38333333333333336,120,customers/2565189582/adGroupAds/175488384442~778278987755,customers/2565189582/ads/778278987755,778278987755,customers/2565189582/assets/297834518103,Starting at $15/property,297834518103,customers/2565189582/adGroupAdAssetViews/175488384442~778278987755~297834518103~HEADLINE,HEADLINE,NOT_APPLICABLE,,Hostfully - Search - Brand - US/CAN,0.0
customers/2565189582/campaigns/23622401230,ca-us_brand_search,customers/2565189582/adGroups/193498596189,ca-us_brand_exact,70,1.5,0.5882352941176471,119,customers/2565189582/adGroupAds/193498596189~798968901280,customers/2565189582/ads/798968901280,798968901280,customers/2565189582/assets/341111433355,Property Managers & Owners,341111433355,customers/2565189582/adGroupAdAssetViews/193498596189~798968901280~341111433355~HEADLINE,HEADLINE,NOT_APPLICABLE,,,
customers/2565189582/campaigns/23619221250,au-uk_brand_search,customers/2565189582/adGroups/193560810883,au-uk_brand_phrase,11,0,0.09243697478991597,119,customers/2565189582/adGroupAds/193560810883~799258748291,customers/2565189582/ads/799258748291,799258748291,customers/2565189582/assets/297834518124,Book A Free Demo Today,297834518124,customers/2565189582/adGroupAdAssetViews/193560810883~799258748291~297834518124~HEADLINE,HEADLINE,NOT_APPLICABLE,,,
customers/2565189582/campaigns/22161538996,Hostfully - Search - Brand - US/CAN,customers/2565189582/adGroups/175488384442,Brand Core,54,0,0.46956521739130436,115,customers/2565189582/adGroupAds/175488384442~730292443612,customers/2565189582/ads/730292443612,730292443612,customers/2565189582/assets/259466444259,Short Term Rental Software,259466444259,customers/2565189582/adGroupAdAssetViews/175488384442~730292443612~259466444259~HEADLINE,HEADLINE,NOT_APPLICABLE,,Hostfully - Search - Brand - US/CAN,0.0
customers/2565189582/campaigns/23622401230,ca-us_brand_search,customers/2565189582/adGroups/193498596229,ca-us_brand_phrase,27,1.75,0.23478260869565218,115,customers/2565189582/adGroupAds/193498596229~799044719174,customers/2565189582/ads/799044719174,799044719174,customers/2565189582/assets/259466444259,Short Term Rental Software,259466444259,customers/2565189582/adGroupAdAssetViews/193498596229~799044719174~259466444259~HEADLINE,HEADLINE,NOT_APPLICABLE,,,
customers/2565189582/campaigns/23622401230,ca-us_brand_search,customers/2565189582/adGroups/193498596229,ca-us_brand_phrase,13,0,0.11304347826086956,115,customers/2565189582/adGroupAds/193498596229~799044719174,customers/2565189582/ads/799044719174,799044719174,customers/2565189582/assets/305748566457,120+ Software Integrations,305748566457,customers/2565189582/adGroupAdAssetViews/193498596229~799044719174~305748566457~HEADLINE,HEADLINE,NOT_APPLICABLE,,,
customers/2565189582/campaigns/23622401230,ca-us_brand_search,customers/2565189582/adGroups/193498596229,ca-us_brand_phrase,26,0,0.23008849557522124,113,customers/2565189582/adGroupAds/193498596229~799044719174,customers/2565189582/ads/799044719174,799044719174,customers/2565189582/assets/242415980319,Property Management Made Easy,242415980319,customers/2565189582/adGroupAdAssetViews/193498596229~799044719174~242415980319~HEADLINE,HEADLINE,NOT_APPLICABLE,,,
customers/2565189582/campaigns/23622401230,ca-us_brand_search,customers/2565189582/adGroups/193498596229,ca-us_brand_phrase,31,1.25,0.28440366972477066,109,customers/2565189582/adGroupAds/193498596229~799044719174,customers/2565189582/ads/799044719174,799044719174,customers/2565189582/assets/297834518115,All-in-One PMS Solution,297834518115,customers/2565189582/adGroupAdAssetViews/193498596229~799044719174~297834518115~HEADLINE,HEADLINE,NOT_APPLICABLE,,,
customers/2565189582/campaigns/23658078636,au-uk_pms_search,customers/2565189582/adGroups/195976497564,au-uk_pms_phrase,4,0,0.037037037037037035,108,customers/2565189582/adGroupAds/195976497564~800674113561,customers/2565189582/ads/800674113561,800674113561,customers/2565189582/assets/340619883707,Short-Term Letting Automation,340619883707,customers/2565189582/adGroupAdAssetViews/195976497564~800674113561~340619883707~HEADLINE,HEADLINE,NOT_APPLICABLE,,,
customers/2565189582/campaigns/23619221250,au-uk_brand_search,customers/2565189582/adGroups/193560810883,au-uk_brand_phrase,6,0,0.05660377358490566,106,customers/2565189582/adGroupAds/193560810883~799258748291,customers/2565189582/ads/799258748291,799258748291,customers/2565189582/assets/337426327264,"Thousands of holiday letting owners use Hostfully to automate, save time, increase revenue",337426327264,customers/2565189582/adGroupAdAssetViews/193560810883~799258748291~337426327264~DESCRIPTION,DESCRIPTION,NOT_APPLICABLE,,,
customers/2565189582/campaigns/23657942340,ca-us_pms_search,customers/2565189582/adGroups/191309906541,ca-us_pms_phrase,2,0,0.019417475728155338,103,customers/2565189582/adGroupAds/191309906541~800782444013,customers/2565189582/ads/800782444013,800782444013,customers/2565189582/assets/340618554170,Scale With Hostfully's PMS,340618554170,customers/2565189582/adGroupAdAssetViews/191309906541~800782444013~340618554170~HEADLINE,HEADLINE,NOT_APPLICABLE,,,
customers/2565189582/campaigns/22161538996,Hostfully - Search - Brand - US/CAN,customers/2565189582/adGroups/175488384442,Brand Core,42,0,0.4117647058823529,102,customers/2565189582/adGroupAds/175488384442~730292443612,customers/2565189582/ads/730292443612,730292443612,customers/2565189582/assets/275532818210,Manage your vacation rental business,275532818210,customers/2565189582/adGroupAdAssetViews/175488384442~730292443612~275532818210~HEADLINE,HEADLINE,NOT_APPLICABLE,,Hostfully - Search - Brand - US/CAN,0.0
customers/2565189582/campaigns/22161538996,Hostfully - Search - Brand - US/CAN,customers/2565189582/adGroups/175488384442,Brand Core,53,3,0.5578947368421052,95,customers/2565189582/adGroupAds/175488384442~798879432661,customers/2565189582/ads/798879432661,798879432661,customers/2565189582/assets/242415980319,Property Management Made Easy,242415980319,customers/2565189582/adGroupAdAssetViews/175488384442~798879432661~242415980319~HEADLINE,HEADLINE,NOT_APPLICABLE,,Hostfully - Search - Brand - US/CAN,0.0
customers/2565189582/campaigns/22161538996,Hostfully - Search - Brand - US/CAN,customers/2565189582/adGroups/175488384442,Brand Core,47,2,0.5,94,customers/2565189582/adGroupAds/175488384442~798879432661,customers/2565189582/ads/798879432661,798879432661,customers/2565189582/assets/297834518142,"The leading property management software for Airbnb, VRBO, and other rental properties.",297834518142,customers/2565189582/adGroupAdAssetViews/175488384442~798879432661~297834518142~DESCRIPTION,DESCRIPTION,NOT_APPLICABLE,,Hostfully - Search - Brand - US/CAN,0.0
customers/2565189582/campaigns/23657942340,ca-us_pms_search,customers/2565189582/adGroups/191309906541,ca-us_pms_phrase,2,0,0.023809523809523808,84,customers/2565189582/adGroupAds/191309906541~800782444013,customers/2565189582/ads/800782444013,800782444013,customers/2565189582/assets/297834518106,Increase Revenue by 18%+,297834518106,customers/2565189582/adGroupAdAssetViews/191309906541~800782444013~297834518106~HEADLINE,HEADLINE,NOT_APPLICABLE,,,
customers/2565189582/campaigns/23658078636,au-uk_pms_search,customers/2565189582/adGroups/195976497564,au-uk_pms_phrase,7,1,0.08333333333333333,84,customers/2565189582/adGroupAds/195976497564~800674113561,customers/2565189582/ads/800674113561,800674113561,customers/2565189582/assets/340619883710,Easily Manage Letting Property,340619883710,customers/2565189582/adGroupAdAssetViews/195976497564~800674113561~340619883710~HEADLINE,HEADLINE,NOT_APPLICABLE,,,
customers/2565189582/campaigns/22161538996,Hostfully - Search - Brand - US/CAN,customers/2565189582/adGroups/175488384442,Brand Core,37,0,0.5068493150684932,73,customers/2565189582/adGroupAds/175488384442~798879432661,customers/2565189582/ads/798879432661,798879432661,customers/2565189582/assets/336420256849,Manage Your Rental Properties,336420256849,customers/2565189582/adGroupAdAssetViews/175488384442~798879432661~336420256849~HEADLINE,HEADLINE,NOT_APPLICABLE,,Hostfully - Search - Brand - US/CAN,0.0
customers/2565189582/campaigns/23658078636,au-uk_pms_search,customers/2565189582/adGroups/195976497564,au-uk_pms_phrase,2,0,0.0273972602739726,73,customers/2565189582/adGroupAds/195976497564~800674113561,customers/2565189582/ads/800674113561,800674113561,customers/2565189582/assets/340618554170,Scale With Hostfully's PMS,340618554170,customers/2565189582/adGroupAdAssetViews/195976497564~800674113561~340618554170~HEADLINE,HEADLINE,NOT_APPLICABLE,,,
customers/2565189582/campaigns/23657942340,ca-us_pms_search,customers/2565189582/adGroups/191309906541,ca-us_pms_phrase,3,0,0.041666666666666664,72,customers/2565189582/adGroupAds/191309906541~800782444013,customers/2565189582/ads/800782444013,800782444013,customers/2565189582/assets/171399829503,Do less and earn more,171399829503,customers/2565189582/adGroupAdAssetViews/191309906541~800782444013~171399829503~HEADLINE,HEADLINE,NOT_APPLICABLE,,,
customers/2565189582/campaigns/22161538996,Hostfully - Search - Brand - US/CAN,customers/2565189582/adGroups/175488384442,Brand Core,35,0,0.49295774647887325,71,customers/2565189582/adGroupAds/175488384442~798879432661,customers/2565189582/ads/798879432661,798879432661,customers/2565189582/assets/326919619539,Optimize your short-term rentals with Hostfully’s property management software for hosts.,326919619539,customers/2565189582/adGroupAdAssetViews/175488384442~798879432661~326919619539~DESCRIPTION,DESCRIPTION,NOT_APPLICABLE,,Hostfully - Search - Brand - US/CAN,0.0
customers/2565189582/campaigns/23622401230,ca-us_brand_search,customers/2565189582/adGroups/193498596229,ca-us_brand_phrase,5,0,0.07142857142857142,70,customers/2565189582/adGroupAds/193498596229~799044719174,customers/2565189582/ads/799044719174,799044719174,customers/2565189582/assets/297834518124,Book A Free Demo Today,297834518124,customers/2565189582/adGroupAdAssetViews/193498596229~799044719174~297834518124~HEADLINE,HEADLINE,NOT_APPLICABLE,,,
customers/2565189582/campaigns/22161538996,Hostfully - Search - Brand - US/CAN,customers/2565189582/adGroups/175488384442,Brand Core,39,2,0.5652173913043478,69,customers/2565189582/adGroupAds/175488384442~730292443612,customers/2565189582/ads/730292443612,730292443612,customers/2565189582/assets/257791054290,Hostfully Channel Manager,257791054290,customers/2565189582/adGroupAdAssetViews/175488384442~730292443612~257791054290~HEADLINE,HEADLINE,NOT_APPLICABLE,,Hostfully - Search - Brand - US/CAN,0.0
customers/2565189582/campaigns/23619221250,au-uk_brand_search,customers/2565189582/adGroups/193560810923,au-uk_brand_exact,10,1,0.14925373134328357,67,customers/2565189582/adGroupAds/193560810923~799149197700,customers/2565189582/ads/799149197700,799149197700,customers/2565189582/assets/297834518130,Grow Faster With Hostfully,297834518130,customers/2565189582/adGroupAdAssetViews/193560810923~799149197700~297834518130~HEADLINE,HEADLINE,NOT_APPLICABLE,,,
customers/2565189582/campaigns/23657942340,ca-us_pms_search,customers/2565189582/adGroups/191309906541,ca-us_pms_phrase,2,0,0.03076923076923077,65,customers/2565189582/adGroupAds/191309906541~800782444013,customers/2565189582/ads/800782444013,800782444013,customers/2565189582/assets/340618554173,Simplify STR Management,340618554173,customers/2565189582/adGroupAdAssetViews/191309906541~800782444013~340618554173~HEADLINE,HEADLINE,NOT_APPLICABLE,,,
customers/2565189582/campaigns/23658078636,au-uk_pms_search,customers/2565189582/adGroups/195976497564,au-uk_pms_phrase,2,0,0.031746031746031744,63,customers/2565189582/adGroupAds/195976497564~800674113561,customers/2565189582/ads/800674113561,800674113561,customers/2565189582/assets/171399829503,Do less and earn more,171399829503,customers/2565189582/adGroupAdAssetViews/195976497564~800674113561~171399829503~HEADLINE,HEADLINE,NOT_APPLICABLE,,,
customers/2565189582/campaigns/23658078636,au-uk_pms_search,customers/2565189582/adGroups/195976497564,au-uk_pms_phrase,3,0,0.04918032786885246,61,customers/2565189582/adGroupAds/195976497564~800674113561,customers/2565189582/ads/800674113561,800674113561,customers/2565189582/assets/297834518109,85% Boost in Guest Ratings,297834518109,customers/2565189582/adGroupAdAssetViews/195976497564~800674113561~297834518109~HEADLINE,HEADLINE,NOT_APPLICABLE,,,
customers/2565189582/campaigns/23619221250,au-uk_brand_search,customers/2565189582/adGroups/193560810923,au-uk_brand_exact,22,1,0.36666666666666664,60,customers/2565189582/adGroupAds/193560810923~799149197700,customers/2565189582/ads/799149197700,799149197700,customers/2565189582/assets/337423536337,UK Holiday Let Software,337423536337,customers/2565189582/adGroupAdAssetViews/193560810923~799149197700~337423536337~HEADLINE,HEADLINE,NOT_APPLICABLE,,,
customers/2565189582/campaigns/23622401230,ca-us_brand_search,customers/2565189582/adGroups/193498596229,ca-us_brand_phrase,6,1,0.10909090909090909,55,customers/2565189582/adGroupAds/193498596229~799044719174,customers/2565189582/ads/799044719174,799044719174,customers/2565189582/assets/297834518112,Save 4 Hours Per Day,297834518112,customers/2565189582/adGroupAdAssetViews/193498596229~799044719174~297834518112~HEADLINE,HEADLINE,NOT_APPLICABLE,,,
customers/2565189582/campaigns/23619221250,au-uk_brand_search,customers/2565189582/adGroups/193560810883,au-uk_brand_phrase,4,0,0.07272727272727272,55,customers/2565189582/adGroupAds/193560810883~799258748291,customers/2565189582/ads/799258748291,799258748291,customers/2565189582/assets/297834518115,All-in-One PMS Solution,297834518115,customers/2565189582/adGroupAdAssetViews/193560810883~799258748291~297834518115~HEADLINE,HEADLINE,NOT_APPLICABLE,,,
customers/2565189582/campaigns/23658078636,au-uk_pms_search,customers/2565189582/adGroups/195976497564,au-uk_pms_phrase,4,0,0.07272727272727272,55,customers/2565189582/adGroupAds/195976497564~800674113561,customers/2565189582/ads/800674113561,800674113561,customers/2565189582/assets/340618554173,Simplify STR Management,340618554173,customers/2565189582/adGroupAdAssetViews/195976497564~800674113561~340618554173~HEADLINE,HEADLINE,NOT_APPLICABLE,,,
customers/2565189582/campaigns/22161538996,Hostfully - Search - Brand - US/CAN,customers/2565189582/adGroups/175488384442,Brand Core,24,2,0.4528301886792453,53,customers/2565189582/adGroupAds/175488384442~778278987755,customers/2565189582/ads/778278987755,778278987755,customers/2565189582/assets/58894961283,Vacation Rental Software,58894961283,customers/2565189582/adGroupAdAssetViews/175488384442~778278987755~58894961283~HEADLINE,HEADLINE,NOT_APPLICABLE,,Hostfully - Search - Brand - US/CAN,0.0
customers/2565189582/campaigns/23619221250,au-uk_brand_search,customers/2565189582/adGroups/193560810923,au-uk_brand_exact,28,1,0.5384615384615384,52,customers/2565189582/adGroupAds/193560810923~799149197700,customers/2565189582/ads/799149197700,799149197700,customers/2565189582/assets/337423536346,Short Let Management Software,337423536346,customers/2565189582/adGroupAdAssetViews/193560810923~799149197700~337423536346~HEADLINE,HEADLINE,NOT_APPLICABLE,,,
customers/2565189582/campaigns/23619221250,au-uk_brand_search,customers/2565189582/adGroups/193560810883,au-uk_brand_phrase,1,0,0.0196078431372549,51,customers/2565189582/adGroupAds/193560810883~799258748291,customers/2565189582/ads/799258748291,799258748291,customers/2565189582/assets/297834518130,Grow Faster With Hostfully,297834518130,customers/2565189582/adGroupAdAssetViews/193560810883~799258748291~297834518130~HEADLINE,HEADLINE,NOT_APPLICABLE,,,
customers/2565189582/campaigns/22161538996,Hostfully - Search - Brand - US/CAN,customers/2565189582/adGroups/175488384442,Brand Core,23,1,0.46,50,customers/2565189582/adGroupAds/175488384442~778278987755,customers/2565189582/ads/778278987755,778278987755,customers/2565189582/assets/275532818210,Manage your vacation rental business,275532818210,customers/2565189582/adGroupAdAssetViews/175488384442~778278987755~275532818210~HEADLINE,HEADLINE,NOT_APPLICABLE,,Hostfully - Search - Brand - US/CAN,0.0
customers/2565189582/campaigns/23622401230,ca-us_brand_search,customers/2565189582/adGroups/193498596189,ca-us_brand_exact,7,0,0.14285714285714285,49,customers/2565189582/adGroupAds/193498596189~798968901280,customers/2565189582/ads/798968901280,798968901280,customers/2565189582/assets/305748566457,120+ Software Integrations,305748566457,customers/2565189582/adGroupAdAssetViews/193498596189~798968901280~305748566457~HEADLINE,HEADLINE,NOT_APPLICABLE,,,
customers/2565189582/campaigns/23657942340,ca-us_pms_search,customers/2565189582/adGroups/191309906541,ca-us_pms_phrase,3,0,0.0625,48,customers/2565189582/adGroupAds/191309906541~800782444013,customers/2565189582/ads/800782444013,800782444013,customers/2565189582/assets/297834518109,85% Boost in Guest Ratings,297834518109,customers/2565189582/adGroupAdAssetViews/191309906541~800782444013~297834518109~HEADLINE,HEADLINE,NOT_APPLICABLE,,,
customers/2565189582/campaigns/23619221250,au-uk_brand_search,customers/2565189582/adGroups/193560810883,au-uk_brand_phrase,5,0,0.10416666666666667,48,customers/2565189582/adGroupAds/193560810883~799258748291,customers/2565189582/ads/799258748291,799258748291,customers/2565189582/assets/337423536337,UK Holiday Let Software,337423536337,customers/2565189582/adGroupAdAssetViews/193560810883~799258748291~337423536337~HEADLINE,HEADLINE,NOT_APPLICABLE,,,
customers/2565189582/campaigns/23619221250,au-uk_brand_search,customers/2565189582/adGroups/193560810923,au-uk_brand_exact,7,0,0.14583333333333334,48,customers/2565189582/adGroupAds/193560810923~799149197700,customers/2565189582/ads/799149197700,799149197700,customers/2565189582/assets/337423536340,Holiday Letting Made Easy,337423536340,customers/2565189582/adGroupAdAssetViews/193560810923~799149197700~337423536340~HEADLINE,HEADLINE,NOT_APPLICABLE,,,
customers/2565189582/campaigns/23622401230,ca-us_brand_search,customers/2565189582/adGroups/193498596189,ca-us_brand_exact,17,0,0.37777777777777777,45,customers/2565189582/adGroupAds/193498596189~798968901280,customers/2565189582/ads/798968901280,798968901280,customers/2565189582/assets/336720762604,Best Hosts Choose Hostfully,336720762604,customers/2565189582/adGroupAdAssetViews/193498596189~798968901280~336720762604~HEADLINE,HEADLINE,NOT_APPLICABLE,,,
customers/2565189582/campaigns/23619221250,au-uk_brand_search,customers/2565189582/adGroups/193560810923,au-uk_brand_exact,12,1,0.2727272727272727,44,customers/2565189582/adGroupAds/193560810923~799149197700,customers/2565189582/ads/799149197700,799149197700,customers/2565189582/assets/337423536343,Hostfully Holiday Letting,337423536343,customers/2565189582/adGroupAdAssetViews/193560810923~799149197700~337423536343~HEADLINE,HEADLINE,NOT_APPLICABLE,,,
customers/2565189582/campaigns/22161538996,Hostfully - Search - Brand - US/CAN,customers/2565189582/adGroups/175488384442,Brand Core,22,0.333333,0.5116279069767442,43,customers/2565189582/adGroupAds/175488384442~778278987755,customers/2565189582/ads/778278987755,778278987755,customers/2565189582/assets/259466444259,Short Term Rental Software,259466444259,customers/2565189582/adGroupAdAssetViews/175488384442~778278987755~259466444259~HEADLINE,HEADLINE,NOT_APPLICABLE,,Hostfully - Search - Brand - US/CAN,0.0
customers/2565189582/campaigns/23619221250,au-uk_brand_search,customers/2565189582/adGroups/193560810883,au-uk_brand_phrase,2,0,0.046511627906976744,43,customers/2565189582/adGroupAds/193560810883~799258748291,customers/2565189582/ads/799258748291,799258748291,customers/2565189582/assets/305748566457,120+ Software Integrations,305748566457,customers/2565189582/adGroupAdAssetViews/193560810883~799258748291~305748566457~HEADLINE,HEADLINE,NOT_APPLICABLE,,,
customers/2565189582/campaigns/23622401230,ca-us_brand_search,customers/2565189582/adGroups/193498596189,ca-us_brand_exact,15,2,0.35714285714285715,42,customers/2565189582/adGroupAds/193498596189~798968901280,customers/2565189582/ads/798968901280,798968901280,customers/2565189582/assets/297834518115,All-in-One PMS Solution,297834518115,customers/2565189582/adGroupAdAssetViews/193498596189~798968901280~297834518115~HEADLINE,HEADLINE,NOT_APPLICABLE,,,
customers/2565189582/campaigns/23619221250,au-uk_brand_search,customers/2565189582/adGroups/193560810883,au-uk_brand_phrase,4,0,0.09523809523809523,42,customers/2565189582/adGroupAds/193560810883~799258748291,customers/2565189582/ads/799258748291,799258748291,customers/2565189582/assets/337423536346,Short Let Management Software,337423536346,customers/2565189582/adGroupAdAssetViews/193560810883~799258748291~337423536346~HEADLINE,HEADLINE,NOT_APPLICABLE,,,
customers/2565189582/campaigns/23657942340,ca-us_pms_search,customers/2565189582/adGroups/191309906541,ca-us_pms_phrase,5,0,0.125,40,customers/2565189582/adGroupAds/191309906541~800782444013,customers/2565189582/ads/800782444013,800782444013,customers/2565189582/assets/336480268539,Where Your Whole Vacation Rental Business Comes Together,336480268539,customers/2565189582/adGroupAdAssetViews/191309906541~800782444013~336480268539~HEADLINE,HEADLINE,NOT_APPLICABLE,,,
customers/2565189582/campaigns/23619221250,au-uk_brand_search,customers/2565189582/adGroups/193560810883,au-uk_brand_phrase,8,0,0.2,40,customers/2565189582/adGroupAds/193560810883~799258748291,customers/2565189582/ads/799258748291,799258748291,customers/2565189582/assets/337423536340,Holiday Letting Made Easy,337423536340,customers/2565189582/adGroupAdAssetViews/193560810883~799258748291~337423536340~HEADLINE,HEADLINE,NOT_APPLICABLE,,,
customers/2565189582/campaigns/23657942340,ca-us_pms_search,customers/2565189582/adGroups/191309906541,ca-us_pms_phrase,1,0,0.02564102564102564,39,customers/2565189582/adGroupAds/191309906541~800782444013,customers/2565189582/ads/800782444013,800782444013,customers/2565189582/assets/275532818210,Manage your vacation rental business,275532818210,customers/2565189582/adGroupAdAssetViews/191309906541~800782444013~275532818210~HEADLINE,HEADLINE,NOT_APPLICABLE,,,
customers/2565189582/campaigns/22161538996,Hostfully - Search - Brand - US/CAN,customers/2565189582/adGroups/175488384442,Brand Core,27,1,0.7297297297297297,37,customers/2565189582/adGroupAds/175488384442~798879432661,customers/2565189582/ads/798879432661,798879432661,customers/2565189582/assets/297834518139,Choose the vacation rental manager that gives you the most flexibility at the best price.,297834518139,customers/2565189582/adGroupAdAssetViews/175488384442~798879432661~297834518139~DESCRIPTION,DESCRIPTION,NOT_APPLICABLE,,Hostfully - Search - Brand - US/CAN,0.0
customers/2565189582/campaigns/23657942340,ca-us_pms_search,customers/2565189582/adGroups/191309906541,ca-us_pms_phrase,0,0,0,36,customers/2565189582/adGroupAds/191309906541~800782444013,customers/2565189582/ads/800782444013,800782444013,customers/2565189582/assets/297834518121,5+ Years Proven Success,297834518121,customers/2565189582/adGroupAdAssetViews/191309906541~800782444013~297834518121~HEADLINE,HEADLINE,NOT_APPLICABLE,,,
customers/2565189582/campaigns/23622401230,ca-us_brand_search,customers/2565189582/adGroups/193498596189,ca-us_brand_exact,8,1,0.22857142857142856,35,customers/2565189582/adGroupAds/193498596189~798968901280,customers/2565189582/ads/798968901280,798968901280,customers/2565189582/assets/297834518124,Book A Free Demo Today,297834518124,customers/2565189582/adGroupAdAssetViews/193498596189~798968901280~297834518124~HEADLINE,HEADLINE,NOT_APPLICABLE,,,
customers/2565189582/campaigns/23622401230,ca-us_brand_search,customers/2565189582/adGroups/193498596189,ca-us_brand_exact,18,0,0.5294117647058824,34,customers/2565189582/adGroupAds/193498596189~798968901280,customers/2565189582/ads/798968901280,798968901280,customers/2565189582/assets/1476017583,Vacation Rental Management,1476017583,customers/2565189582/adGroupAdAssetViews/193498596189~798968901280~1476017583~HEADLINE,HEADLINE,NOT_APPLICABLE,,,
customers/2565189582/campaigns/23622401230,ca-us_brand_search,customers/2565189582/adGroups/193498596189,ca-us_brand_exact,0,0,0,31,customers/2565189582/adGroupAds/193498596189~798968901280,customers/2565189582/ads/798968901280,798968901280,customers/2565189582/assets/297834518109,85% Boost in Guest Ratings,297834518109,customers/2565189582/adGroupAdAssetViews/193498596189~798968901280~297834518109~HEADLINE,HEADLINE,NOT_APPLICABLE,,,
customers/2565189582/campaigns/23619221250,au-uk_brand_search,customers/2565189582/adGroups/193560810883,au-uk_brand_phrase,6,0,0.1935483870967742,31,customers/2565189582/adGroupAds/193560810883~799258748291,customers/2565189582/ads/799258748291,799258748291,customers/2565189582/assets/337423536343,Hostfully Holiday Letting,337423536343,customers/2565189582/adGroupAdAssetViews/193560810883~799258748291~337423536343~HEADLINE,HEADLINE,NOT_APPLICABLE,,,
customers/2565189582/campaigns/23619221250,au-uk_brand_search,customers/2565189582/adGroups/193560810923,au-uk_brand_exact,12,0,0.3870967741935484,31,customers/2565189582/adGroupAds/193560810923~799149197700,customers/2565189582/ads/799149197700,799149197700,customers/2565189582/assets/341157068181,Hostfully property management,341157068181,customers/2565189582/adGroupAdAssetViews/193560810923~799149197700~341157068181~HEADLINE,HEADLINE,NOT_APPLICABLE,,,
customers/2565189582/campaigns/23658078636,au-uk_pms_search,customers/2565189582/adGroups/195976497564,au-uk_pms_phrase,0,0,0,30,customers/2565189582/adGroupAds/195976497564~800674113561,customers/2565189582/ads/800674113561,800674113561,customers/2565189582/assets/297834518106,Increase Revenue by 18%+,297834518106,customers/2565189582/adGroupAdAssetViews/195976497564~800674113561~297834518106~HEADLINE,HEADLINE,NOT_APPLICABLE,,,
customers/2565189582/campaigns/23619221250,au-uk_brand_search,customers/2565189582/adGroups/193560810883,au-uk_brand_phrase,3,0,0.10344827586206896,29,customers/2565189582/adGroupAds/193560810883~799258748291,customers/2565189582/ads/799258748291,799258748291,customers/2565189582/assets/297834518112,Save 4 Hours Per Day,297834518112,customers/2565189582/adGroupAdAssetViews/193560810883~799258748291~297834518112~HEADLINE,HEADLINE,NOT_APPLICABLE,,,
customers/2565189582/campaigns/23619221250,au-uk_brand_search,customers/2565189582/adGroups/193560810923,au-uk_brand_exact,12,1,0.41379310344827586,29,customers/2565189582/adGroupAds/193560810923~799149197700,customers/2565189582/ads/799149197700,799149197700,customers/2565189582/assets/297834518115,All-in-One PMS Solution,297834518115,customers/2565189582/adGroupAdAssetViews/193560810923~799149197700~297834518115~HEADLINE,HEADLINE,NOT_APPLICABLE,,,
customers/2565189582/campaigns/23622401230,ca-us_brand_search,customers/2565189582/adGroups/193498596229,ca-us_brand_phrase,2,1,0.07142857142857142,28,customers/2565189582/adGroupAds/193498596229~799044719174,customers/2565189582/ads/799044719174,799044719174,customers/2565189582/assets/257744381700,Simplify STR with Hostfully,257744381700,customers/2565189582/adGroupAdAssetViews/193498596229~799044719174~257744381700~HEADLINE,HEADLINE,NOT_APPLICABLE,,,
customers/2565189582/campaigns/22161538996,Hostfully - Search - Brand - US/CAN,customers/2565189582/adGroups/175488384442,Brand Core,11,0,0.4074074074074074,27,customers/2565189582/adGroupAds/175488384442~798879432661,customers/2565189582/ads/798879432661,798879432661,customers/2565189582/assets/113639216510,Property Management Software,113639216510,customers/2565189582/adGroupAdAssetViews/175488384442~798879432661~113639216510~HEADLINE,HEADLINE,NOT_APPLICABLE,,Hostfully - Search - Brand - US/CAN,0.0
customers/2565189582/campaigns/23622401230,ca-us_brand_search,customers/2565189582/adGroups/193498596229,ca-us_brand_phrase,1,0,0.037037037037037035,27,customers/2565189582/adGroupAds/193498596229~799044719174,customers/2565189582/ads/799044719174,799044719174,customers/2565189582/assets/297834518109,85% Boost in Guest Ratings,297834518109,customers/2565189582/adGroupAdAssetViews/193498596229~799044719174~297834518109~HEADLINE,HEADLINE,NOT_APPLICABLE,,,
customers/2565189582/campaigns/23619221250,au-uk_brand_search,customers/2565189582/adGroups/193560810883,au-uk_brand_phrase,6,0,0.2222222222222222,27,customers/2565189582/adGroupAds/193560810883~799258748291,customers/2565189582/ads/799258748291,799258748291,customers/2565189582/assets/58894961283,Vacation Rental Software,58894961283,customers/2565189582/adGroupAdAssetViews/193560810883~799258748291~58894961283~HEADLINE,HEADLINE,NOT_APPLICABLE,,,
customers/2565189582/campaigns/23619221250,au-uk_brand_search,customers/2565189582/adGroups/193560810923,au-uk_brand_exact,16,1,0.5925925925925926,27,customers/2565189582/adGroupAds/193560810923~799149197700,customers/2565189582/ads/799149197700,799149197700,customers/2565189582/assets/113639216510,Property Management Software,113639216510,customers/2565189582/adGroupAdAssetViews/193560810923~799149197700~113639216510~HEADLINE,HEADLINE,NOT_APPLICABLE,,,
customers/2565189582/campaigns/22161538996,Hostfully - Search - Brand - US/CAN,customers/2565189582/adGroups/175488384442,Brand Core,11,1,0.4230769230769231,26,customers/2565189582/adGroupAds/175488384442~730292443612,customers/2565189582/ads/730292443612,730292443612,customers/2565189582/assets/326919619533,Starting at $15/Property,326919619533,customers/2565189582/adGroupAdAssetViews/175488384442~730292443612~326919619533~HEADLINE,HEADLINE,NOT_APPLICABLE,,Hostfully - Search - Brand - US/CAN,0.0
customers/2565189582/campaigns/23619221250,au-uk_brand_search,customers/2565189582/adGroups/193560810923,au-uk_brand_exact,5,0,0.19230769230769232,26,customers/2565189582/adGroupAds/193560810923~799149197700,customers/2565189582/ads/799149197700,799149197700,customers/2565189582/assets/305748566457,120+ Software Integrations,305748566457,customers/2565189582/adGroupAdAssetViews/193560810923~799149197700~305748566457~HEADLINE,HEADLINE,NOT_APPLICABLE,,,
customers/2565189582/campaigns/23658078636,au-uk_pms_search,customers/2565189582/adGroups/195976497564,au-uk_pms_phrase,3,0,0.12,25,customers/2565189582/adGroupAds/195976497564~800674113561,customers/2565189582/ads/800674113561,800674113561,customers/2565189582/assets/342262047171,Built for Property Managers,342262047171,customers/2565189582/adGroupAdAssetViews/195976497564~800674113561~342262047171~HEADLINE,HEADLINE,NOT_APPLICABLE,,,
customers/2565189582/campaigns/22161538996,Hostfully - Search - Brand - US/CAN,customers/2565189582/adGroups/175488384442,Brand Core,10,0,0.4166666666666667,24,customers/2565189582/adGroupAds/175488384442~798879432661,customers/2565189582/ads/798879432661,798879432661,customers/2565189582/assets/177862501842,Hostfully Property Management,177862501842,customers/2565189582/adGroupAdAssetViews/175488384442~798879432661~177862501842~HEADLINE,HEADLINE,NOT_APPLICABLE,,Hostfully - Search - Brand - US/CAN,0.0
customers/2565189582/campaigns/22161538996,Hostfully - Search - Brand - US/CAN,customers/2565189582/adGroups/175488384442,Brand Core,5,0,0.20833333333333334,24,customers/2565189582/adGroupAds/175488384442~798879432661,customers/2565189582/ads/798879432661,798879432661,customers/2565189582/assets/275532818210,Manage your vacation rental business,275532818210,customers/2565189582/adGroupAdAssetViews/175488384442~798879432661~275532818210~HEADLINE,HEADLINE,NOT_APPLICABLE,,Hostfully - Search - Brand - US/CAN,0.0
customers/2565189582/campaigns/23619221250,au-uk_brand_search,customers/2565189582/adGroups/193560810923,au-uk_brand_exact,8,0,0.3333333333333333,24,customers/2565189582/adGroupAds/193560810923~799149197700,customers/2565189582/ads/799149197700,799149197700,customers/2565189582/assets/297834518112,Save 4 Hours Per Day,297834518112,customers/2565189582/adGroupAdAssetViews/193560810923~799149197700~297834518112~HEADLINE,HEADLINE,NOT_APPLICABLE,,,
customers/2565189582/campaigns/23658078636,au-uk_pms_search,customers/2565189582/adGroups/195976497564,au-uk_pms_phrase,1,0,0.041666666666666664,24,customers/2565189582/adGroupAds/195976497564~800674113561,customers/2565189582/ads/800674113561,800674113561,customers/2565189582/assets/297834518121,5+ Years Proven Success,297834518121,customers/2565189582/adGroupAdAssetViews/195976497564~800674113561~297834518121~HEADLINE,HEADLINE,NOT_APPLICABLE,,,
