Date Spotted,Competitor,Platform,Ad Format,Copy Angle,Headline / Primary Text,Description / Body Copy,Visual Style,CTA,Ad Library Link,Video Link,Notes / Observations,Still Active,First Seen
2026-03-10,Morning Brew,Meta,Video,,​,Aktif ID Galeri: 837307299197621,Video creative,,https://www.facebook.com/ads/library/?active_status=active&ad_type=all&country=US&q=Morning%20Brew,,Scraped via Playwright,Yes,2026-03-10
2026-03-10,Morning Brew,LinkedIn,Single Image Ad,,Engaging. Insightful. Never snooze-worthy. Try Morning Brew for free and see why business news doesn't have to be boring…,Get Morning Brew now ☕️ 🚀,Static image,,https://www.linkedin.com/ad-library/detail/989094336?trk=ad_library_ad_preview_content_image,,Total active: 194,Yes,2026-03-10
2026-03-10,Morning Brew,LinkedIn,Single Image Ad,,"Stay sharp, laugh a little, impress your boss. Morning Brew makes reading up on the business world not bore you to sleep…",Join 4M+ Professionals Reading Every Morning,Static image,,https://www.linkedin.com/ad-library/detail/989094326?trk=ad_library_ad_preview_content_image,,Total active: 194,Yes,2026-03-10
2026-03-10,Morning Brew,LinkedIn,Single Image Ad,,In case you didn't know—business news doesn't have to be boring. That's why over 4 million professionals read Morning Br…,Join 4M+ Pros Reading Morning Brew,Static image,,https://www.linkedin.com/ad-library/detail/989094216?trk=ad_library_ad_preview_content_image,,Total active: 194,Yes,2026-03-10
2026-03-10,Morning Brew,LinkedIn,Single Image Ad,,In case you didn't know—business news doesn't have to be boring. That's why over 4 million professionals read Morning Br…,Join 4M+ Pros Reading Morning Brew,Static image,,https://www.linkedin.com/ad-library/detail/988321686?trk=ad_library_ad_preview_content_image,,Total active: 194,Yes,2026-03-10
2026-03-10,Morning Brew,LinkedIn,Single Image Ad,,Business news—but make it oddly enjoyable.,FYI—business news doesn't have to be boring!,Static image,,https://www.linkedin.com/ad-library/detail/989582036?trk=ad_library_ad_preview_content_image,,Total active: 194,Yes,2026-03-10
2026-03-10,Morning Brew,LinkedIn,Single Image Ad,,NOC- India's first Cold Brew Coffee Concentrate Cartridge is here !,,Static image,,https://www.linkedin.com/ad-library/detail/1011358566?trk=ad_library_ad_preview_content_image,,Total active: 194,Yes,2026-03-10
2026-03-10,Morning Brew,LinkedIn,Single Image Ad,,India’s first Nitro Cold Brew Coffee Shot — crafted from premium Brazilian & Ethiopian Arabica beans and powered with 2.…,,Static image,,https://www.linkedin.com/ad-library/detail/1012759276,,Total active: 194,Yes,2026-03-10
2026-03-10,Morning Brew,LinkedIn,Single Image Ad,,"Join the millions turning business news into their favorite morning habit. The Brew's daily newsletter makes it free, fa…",Try Morning Brew for free,Static image,,https://www.linkedin.com/ad-library/detail/986974106?trk=ad_library_ad_preview_content_image,,Total active: 194,Yes,2026-03-10
2026-03-10,Morning Brew,LinkedIn,Single Image Ad,,"If keeping up with business news has never been your thing—but you know it should be—this newsletter’s for you. Smart, f…",Join 4M+ People Reading Morning Brew,Static image,,https://www.linkedin.com/ad-library/detail/987061916?trk=ad_library_ad_preview_content_image,,Total active: 194,Yes,2026-03-10
2026-03-10,Morning Brew,LinkedIn,Single Image Ad,,Jobs are scary when they're the wrong fit. Find the right role for you with Glassdoor.,Find the right job faster,Static image,,https://www.linkedin.com/ad-library/detail/1181777073,,Total active: 194,Yes,2026-03-10
2026-03-10,Morning Brew,LinkedIn,Single Image Ad,,"Join the millions turning business news into their favorite morning habit. The Brew's daily newsletter makes it free, fa…",Try Morning Brew for free,Static image,,https://www.linkedin.com/ad-library/detail/989193796?trk=ad_library_ad_preview_content_image,,Total active: 194,Yes,2026-03-10
2026-03-10,Morning Brew,LinkedIn,Single Image Ad,,Engaging. Insightful. Never snooze-worthy. Try Morning Brew for free and see why business news doesn't have to be boring…,Get Morning Brew now ☕️ 🚀,Static image,,https://www.linkedin.com/ad-library/detail/988022756?trk=ad_library_ad_preview_content_image,,Total active: 194,Yes,2026-03-10
2026-03-10,Morning Brew,LinkedIn,Single Image Ad,,Engaging. Insightful. Never snooze-worthy. Try Morning Brew for free and see why business news doesn't have to be boring…,Get Morning Brew now ☕️ 🚀,Static image,,https://www.linkedin.com/ad-library/detail/989581886?trk=ad_library_ad_preview_content_image,,Total active: 194,Yes,2026-03-10
2026-03-10,Morning Brew,LinkedIn,Single Image Ad,,"Serious news. Seriously fun. Morning Brew makes business news so enjoyable, you might even look forward to Mondays.",Join over 4 million people reading Morning Brew for free!,Static image,,https://www.linkedin.com/ad-library/detail/987831586?trk=ad_library_ad_preview_content_image,,Total active: 194,Yes,2026-03-10
2026-03-10,Morning Brew,LinkedIn,Single Image Ad,,"Stay sharp, laugh a little, impress your boss. Morning Brew makes reading up on the business world not bore you to sleep…",Join 4M+ Professionals Reading Every Morning,Static image,,https://www.linkedin.com/ad-library/detail/987262216?trk=ad_library_ad_preview_content_image,,Total active: 194,Yes,2026-03-10
2026-03-10,The Hustle,Meta,Video,,​,Aktif ID Galeri: 1369207151360718,Video creative,,https://www.facebook.com/ads/library/?active_status=active&ad_type=all&country=US&q=The%20Hustle,,Scraped via Playwright,Yes,2026-03-10
2026-03-10,The Hustle,LinkedIn,Single Image Ad,,Strong negotiation capabilities drive better business outcomes across teams.,This Business Negotiation Workshop provide…,Static image,,https://www.linkedin.com/ad-library/detail/1303623106?trk=ad_library_ad_preview_content_image,,Total active: 292,Yes,2026-03-10
2026-03-10,The Hustle,LinkedIn,Single Image Ad,,Strong negotiation capabilities drive better business outcomes across teams.,This Business Negotiation Workshop provide…,Static image,,https://www.linkedin.com/ad-library/detail/1303323766?trk=ad_library_ad_preview_content_image,,Total active: 292,Yes,2026-03-10
2026-03-10,The Hustle,LinkedIn,Single Image Ad,,"If your email strategy isn’t getting stronger, your revenue won’t either.",Build an email revenue channel designed to scale in 2026 and beyond. TALK TO OUR EXPERTS 👈,Static image,,https://www.linkedin.com/ad-library/detail/1146102824?trk=ad_library_ad_preview_content_image,,Total active: 292,Yes,2026-03-10
2026-03-10,The Hustle,LinkedIn,Single Image Ad,,Strong negotiation capabilities drive better business outcomes across teams.,Request Workshop Brochure Today | Limited Slots Only,Static image,,https://www.linkedin.com/ad-library/detail/1332922146?trk=ad_library_ad_preview_content_image,,Total active: 292,Yes,2026-03-10
2026-03-10,The Hustle,LinkedIn,Single Image Ad,,Build an email revenue channel designed to scale in 2026 and beyond. TALK TO OUR EXPERTS 👈,Build an email revenue channel designed to scale in 2026 and beyond. TALK TO OUR EXPERTS 👈,Static image,,https://www.linkedin.com/ad-library/detail/1229992504,,Total active: 292,Yes,2026-03-10
2026-03-10,The Hustle,LinkedIn,Single Image Ad,,"From 1% to 22% open rates in just 6 weeks 📈, and that’s only the beginning!",From 1% to 22% Open Rates in 6 Weeks: How a Nurse Coaching Brand Rebuilt Inbox Trust,Static image,,https://www.linkedin.com/ad-library/detail/1152997204?trk=ad_library_ad_preview_content_image,,Total active: 292,Yes,2026-03-10
2026-03-10,The Hustle,LinkedIn,Single Image Ad,,Strong negotiation capabilities drive better business outcomes across teams.,Registration Now Open | Reserve Your Slots Today,Static image,,https://www.linkedin.com/ad-library/detail/1330540076?trk=ad_library_ad_preview_content_image,,Total active: 292,Yes,2026-03-10
2026-03-10,The Hustle,LinkedIn,Single Image Ad,,"We build scalable email marketing that drive long-term growth, not short-term spikes. Trusted by 400+ brands. Multiple e…",Trusted by 400+ brands. Multiple ecommerce verticals. Proven performance. GET A FREE CONSULTATION 👈,Static image,,https://www.linkedin.com/ad-library/detail/1139940224?trk=ad_library_ad_preview_content_image,,Total active: 292,Yes,2026-03-10
2026-03-10,The Hustle,LinkedIn,Single Image Ad,,"Show your products in real use, not static ads.","Show your products in real use, not static ads. GET A FREE CONSULTATION NOW!",Static image,,https://www.linkedin.com/ad-library/detail/1140140734?trk=ad_library_ad_preview_content_image,,Total active: 292,Yes,2026-03-10
2026-03-10,The Hustle,LinkedIn,Single Image Ad,,"If your email strategy isn’t getting stronger, your revenue won’t either.",Build an email revenue channel designed to scale in 2026 and beyond. TALK TO OUR EXPERTS 👈,Static image,,https://www.linkedin.com/ad-library/detail/1138141434?trk=ad_library_ad_preview_content_image,,Total active: 292,Yes,2026-03-10
2026-03-10,The Hustle,LinkedIn,Single Image Ad,,People buy what they trust.,"UGC designed to drive attention, engagement, and conversions.",Static image,,https://www.linkedin.com/ad-library/detail/1137840964?trk=ad_library_ad_preview_content_image,,Total active: 292,Yes,2026-03-10
2026-03-10,The Hustle,LinkedIn,Single Image Ad,,"We build scalable email marketing that drive long-term growth, not short-term spikes. Trusted by 400+ brands. Multiple e…",Trusted by 400+ brands. Multiple ecommerce verticals. Proven performance. GET A FREE CONSULTATION 👈,Static image,,https://www.linkedin.com/ad-library/detail/1139142434?trk=ad_library_ad_preview_content_image,,Total active: 292,Yes,2026-03-10
2026-03-10,The Hustle,LinkedIn,Single Image Ad,,"Learn how to create impactful pitch decks, proposals, sales reports, marketing materials, and presentations that stand o…",Turn Presentations & Reports into Engaging Visuals with Canva | Limited Slots Only,Static image,,https://www.linkedin.com/ad-library/detail/1322422706?trk=ad_library_ad_preview_content_image,,Total active: 292,Yes,2026-03-10
2026-03-10,The Hustle,LinkedIn,Single Image Ad,,"Learn how to create impactful pitch decks, proposals, sales reports, marketing materials, and presentations that stand o…",Turn Presentations & Reports into Engaging Visuals with Canva | Limited Slots Only,Static image,,https://www.linkedin.com/ad-library/detail/1323513256?trk=ad_library_ad_preview_content_image,,Total active: 292,Yes,2026-03-10
2026-03-10,The Hustle,LinkedIn,Single Image Ad,,Strong negotiation capabilities drive better business outcomes across teams.,This Business Negotiation Workshop provide…,Static image,,https://www.linkedin.com/ad-library/detail/1303224276?trk=ad_library_ad_preview_content_image,,Total active: 292,Yes,2026-03-10
2026-03-10,Hacker News,Meta,Video,,​,Aktif ID Galeri: 2513400982392609,Video creative,,https://www.facebook.com/ads/library/?active_status=active&ad_type=all&country=US&q=Y%20Combinator,,Scraped via Playwright,Yes,2026-03-10
2026-03-10,Hacker News,LinkedIn,Single Image Ad,,Clicks (YC F25) automates repetitive back-office work for recruiting and executive search firms.,Recruiters waste 30-40…,Static image,,https://www.linkedin.com/ad-library/detail/921277746,,Total active: 3,Yes,2026-03-10
2026-03-10,Hacker News,LinkedIn,Single Image Ad,,We're hosting an event for CFOs and Finance Teams in San Francisco.,Some of the top YC startups will explain how their …,Static image,,https://www.linkedin.com/ad-library/detail/908694546?trk=ad_library_ad_preview_content_image,,Total active: 3,Yes,2026-03-10
2026-03-10,Hacker News,LinkedIn,Single Image Ad,,Nexus (YC F25) helps non-technical teams build production-ready AI agents without code.,95% of enterprise AI projects f…,Static image,,https://www.linkedin.com/ad-library/detail/923769506,,Total active: 3,Yes,2026-03-10
2026-03-10,LinkedIn Ads,Meta,Video,,​,Aktif ID Galeri: 1478312779934533,Video creative,,https://www.facebook.com/ads/library/?active_status=active&ad_type=all&country=US&q=LinkedIn,,Scraped via Playwright,Yes,2026-03-10
2026-03-10,Meta Ads,Meta,Video,,​,Aktif ID Galeri: 1576835113754964,Video creative,,https://www.facebook.com/ads/library/?active_status=active&ad_type=all&country=US&q=Meta%20for%20Business,,Scraped via Playwright,Yes,2026-03-10
2026-03-10,Meta Ads,LinkedIn,Single Image Ad,,Australians have embraced messaging. Now brands have an opportunity to meet them there.,📊 98% of Australians use messa…,Static image,,https://www.linkedin.com/ad-library/detail/1188106613,,Total active: 589,Yes,2026-03-10
2026-03-10,Meta Ads,LinkedIn,Single Image Ad,,Transform customer interactions into business growth. Explore Forrester’s TEI study to see how WhatsApp for Business str…,275% ROI with WhatsApp—Forrester Research,Static image,,https://www.linkedin.com/ad-library/detail/1034480116,,Total active: 589,Yes,2026-03-10
2026-03-10,Meta Ads,LinkedIn,Single Image Ad,,Ready to scale your customer experience? Forrester’s TEI study shows WhatsApp for Business drives 275% ROI. Learn how le…,WhatsApp for Business: 275% ROI Proven,Static image,,https://www.linkedin.com/ad-library/detail/1032780056,,Total active: 589,Yes,2026-03-10
2026-03-10,Meta Ads,LinkedIn,Single Image Ad,,Your Meta Marketing Pros are like an extension of your team. Set up a call to review performance opportunities together.…,Talk to your Marketing Pro,Static image,,https://www.linkedin.com/ad-library/detail/1054282246,,Total active: 589,Yes,2026-03-10
2026-03-10,Meta Ads,LinkedIn,Single Image Ad,,"Hi %FIRSTNAME%,Its my pleasure to invite you to join me and other industry experts in Dubai on January 29th for the WhatsApp Business Summit.Ive heard from many of our clients IT leaders that their customers dont trust authentication messages sent via SMS. Whether its because of scam fears or lack of sender verification, the results are always the same: critical comms get ignored, transactions fail, customers are lost. Recent commissioned research found that 51% of respondents agreed authenticat",Elie Antoun,Static image,,https://www.linkedin.com/ad-library/detail/1011228116,,Total active: 589,Yes,2026-03-10
2026-03-10,Meta Ads,LinkedIn,Single Image Ad,,"Hi %FIRSTNAME%,Its my pleasure to invite you to join me and other industry experts online, February 26th, for the WhatsApp Business Summit.nbsp;Ive heard from many of our clients IT leaders that their customers dont trust authentication messages sent via SMS. Whether its because of scam fears or lack of sender verification, the results are always the same: critical comms get ignored, transactions fail, customers are lost. Recent commissioned research found that 51% of respondents agreed authenti",Elie Antoun,Static image,,https://www.linkedin.com/ad-library/detail/1062585766,,Total active: 589,Yes,2026-03-10
2026-03-10,Meta Ads,LinkedIn,Single Image Ad,,"Hi %FIRSTNAME%,Its my pleasure to invite you to join me and other industry experts in Dubai on January 29th for the WhatsApp Business Summit.Ive heard from so many finance leaders that failed orders are a huge cost for their business, whether its due to customers missing important updates, or payment prompts that get ignored.Whatever the reason, customer loyalty suffers. Recent commissioned research found that 72% of respondents agreed that customers who engage with utility or authentication mes",Elie Antoun,Static image,,https://www.linkedin.com/ad-library/detail/1013228306,,Total active: 589,Yes,2026-03-10
2026-03-10,Meta Ads,LinkedIn,Single Image Ad,,"CMO & VP Analytics Meta, NED (Wessex & Lindblad), Honorary Fellow (Cambridge Uni) and Author",Promoted by Meta for Business,Static image,,https://www.linkedin.com/ad-library/detail/1146828424?trk=ad_library_ad_preview_content_image,,Total active: 589,Yes,2026-03-10
2026-03-10,Meta Ads,LinkedIn,Single Image Ad,,"Vice President, EMEA at Meta",Promoted by Meta for Business,Static image,,https://www.linkedin.com/ad-library/detail/1147027844,,Total active: 589,Yes,2026-03-10
2026-03-10,Meta Ads,LinkedIn,Single Image Ad,,"Hi %FIRSTNAME%,Its my pleasure to invite you to join me and other industry experts online, February 26th, for the WhatsApp Business Summit.nbsp;CX leaders want to simplify customer service and free up valuable time for their teams. Recent commissioned research found that a composite organisation was able to resolve customer service issues 30% faster using WhatsApp. Plus, 75% of survey respondents agree that the WhatsApp Business Platform improved customer satisfaction.We’ll be diving deeper into",Elie Antoun,Static image,,https://www.linkedin.com/ad-library/detail/1062986486,,Total active: 589,Yes,2026-03-10
2026-03-10,Meta Ads,LinkedIn,Single Image Ad,,"Hi %FIRSTNAME%,Its my pleasure to invite you to join me and other industry experts in Dubai on January 29th for the WhatsApp Business Summit.CX leaders want to simplify customer service and free up valuable time for their teams. Recent commissioned research found that a composite organisation was able to resolve customer service issues 30% faster using WhatsApp. Plus, 75% of survey respondents agree that the WhatsApp Business Platform improved customer satisfaction.We’ll be diving deeper into th",Elie Antoun,Static image,,https://www.linkedin.com/ad-library/detail/1013027506,,Total active: 589,Yes,2026-03-10
2026-03-10,Meta Ads,LinkedIn,Single Image Ad,,Apprenez comment les marques boostent l’engagement et génèrent un ROI de 275 % avec WhatsApp for Business – découvrez de…,Comment WhatsApp stimule la croissance de la clientèle et le ROI : étude TEI Forrester,Static image,,https://www.linkedin.com/ad-library/detail/1020110586,,Total active: 589,Yes,2026-03-10
2026-03-10,Meta Ads,LinkedIn,Single Image Ad,,"Hi %FIRSTNAME%,Its my pleasure to invite you to join me and other industry experts online, February 26th, for the WhatsApp Business Summit.nbsp;Ops leaders want to make their customer interactions simpler, more efficient, and scalable. Recently commissioned research found that a composite organization experienced an ROI of 275% from adopting WhatsApp for Business over three years, with a Net Present Value of USD $21.8 million.We’ll be diving deeper into this research, sharing best practices, and",Elie Antoun,Static image,,https://www.linkedin.com/ad-library/detail/1064485386,,Total active: 589,Yes,2026-03-10
2026-03-10,Meta Ads,LinkedIn,Single Image Ad,,"Hi %FIRSTNAME%,Its my pleasure to invite you to join me and other industry experts online, February 26th, for the WhatsApp Business Summit.nbsp;Ive heard from many of our clients IT leaders that their customers dont trust authentication messages sent via SMS. Whether its because of scam fears or lack of sender verification, the results are always the same: critical comms get ignored, transactions fail, customers are lost. Recent commissioned research found that 51% of respondents agreed authenti",Elie Antoun,Static image,,https://www.linkedin.com/ad-library/detail/1064485276,,Total active: 589,Yes,2026-03-10
2026-03-10,Meta Ads,LinkedIn,Single Image Ad,,"Hi %FIRSTNAME%,Its my pleasure to invite you to join me and other industry experts online, February 26th, for the WhatsApp Business Summit.nbsp;Ive heard from so many finance leaders that failed orders are a huge cost for their business, whether its due to customers missing important updates, or payment prompts that get ignored.Whatever the reason, customer loyalty suffers. Recent commissioned research found that 72% of respondents agreed that customers who engage with utility or authentication ",Elie Antoun,Static image,,https://www.linkedin.com/ad-library/detail/1063085466,,Total active: 589,Yes,2026-03-10
2026-03-10,Paved,Meta,Video,,​,Aktif ID Galeri: 1146683223617932,Video creative,,https://www.facebook.com/ads/library/?active_status=active&ad_type=all&country=US&q=Paved,,Scraped via Playwright,Yes,2026-03-10
2026-03-10,Paved,LinkedIn,Single Image Ad,,"CEO, Founder at Pave | Building Paige AI",2026 Compensation Budgets and Trends Report,Static image,,https://www.linkedin.com/ad-library/detail/1362344306?trk=ad_library_ad_preview_content_image,,Total active: 810,Yes,2026-03-10
2026-03-10,Paved,LinkedIn,Single Image Ad,,Compensation teams need more than spreadsheets and outdated surveys.,Your all-in-one compensation platform | Pave,Static image,,https://www.linkedin.com/ad-library/detail/1342157956?trk=ad_library_ad_preview_content_image,,Total active: 810,Yes,2026-03-10
2026-03-10,Paved,LinkedIn,Single Image Ad,,We’re excited to announce that we will be attending Future Proof Citywide!,Pave at Citywide | March 8–11,Static image,,https://www.linkedin.com/ad-library/detail/1227301394?trk=ad_library_ad_preview_content_image,,Total active: 810,Yes,2026-03-10
2026-03-10,Paved,LinkedIn,Single Image Ad,,We’re excited to announce that we will be attending Future Proof Citywide!,Pave at Citywide | March 8–11,Static image,,https://www.linkedin.com/ad-library/detail/1227999024?trk=ad_library_ad_preview_content_image,,Total active: 810,Yes,2026-03-10
2026-03-10,Paved,LinkedIn,Single Image Ad,,"Maximizing portfolio value is about more than just repairs - it requires planning, clarity, and true partnership. Join C…",Free Live Webinar: Engineering Value into Every Project,Static image,,https://www.linkedin.com/ad-library/detail/1361692476?trk=ad_library_ad_preview_content_image,,Total active: 810,Yes,2026-03-10
2026-03-10,Paved,LinkedIn,Single Image Ad,,Elevate productivity with superior design. PAVE Manufacturing provides expert-crafted modular assemblies ensuring optima…,Achieve Efficiency Like Never Before!,Static image,,https://www.linkedin.com/ad-library/detail/1362587806?trk=ad_library_ad_preview_content_image,,Total active: 810,Yes,2026-03-10
2026-03-10,Paved,LinkedIn,Single Image Ad,,Heading to Miami for Future Proof Citywide?,Pave at Citywide | March 8–11,Static image,,https://www.linkedin.com/ad-library/detail/1228900334?trk=ad_library_ad_preview_content_image,,Total active: 810,Yes,2026-03-10
2026-03-10,Paved,LinkedIn,Single Image Ad,,"At PAVE Manufacturing, we specialize in delivering custom electrical fabrication solutions tailored to your industry's n…",Optimize Your Industry's Future,Static image,,https://www.linkedin.com/ad-library/detail/1362642186?trk=ad_library_ad_preview_content_image,,Total active: 810,Yes,2026-03-10
2026-03-10,Paved,LinkedIn,Single Image Ad,,We all hear the talk about AI research scientists at well-funded SF Bay Area startups receiving new hire equity awards w…,Building Pave,Static image,,https://www.linkedin.com/ad-library/detail/1362218516?trk=ad_library_ad_preview_content_image,,Total active: 810,Yes,2026-03-10
2026-03-10,Paved,LinkedIn,Single Image Ad,,"We tackle what others won't. At PAVE Manufacturing, we excel at solving intricate industry challenges through our state-…",Your Solution For Complex Challenges,Static image,,https://www.linkedin.com/ad-library/detail/1362669876?trk=ad_library_ad_preview_content_image,,Total active: 810,Yes,2026-03-10
2026-03-10,Paved,LinkedIn,Single Image Ad,,💰💰💰 How Big of a Raise Can You Expect in 2026? 💰💰💰,How Big of a Raise Can You Expect in 2026?,Static image,,https://www.linkedin.com/ad-library/detail/1362275546?trk=ad_library_ad_preview_content_image,,Total active: 810,Yes,2026-03-10
2026-03-10,Paved,LinkedIn,Single Image Ad,,We are proud to announce that Advancing Safety for Women in Librarianship has been selected for presentation at the NGO …,,Static image,,https://www.linkedin.com/ad-library/detail/1180365833?trk=ad_library_ad_preview_content_image,,Total active: 810,Yes,2026-03-10
2026-03-10,Paved,LinkedIn,Single Image Ad,,Heading to Miami for Future Proof Citywide?,Pave at Citywide | March 8–11,Static image,,https://www.linkedin.com/ad-library/detail/1228500394?trk=ad_library_ad_preview_content_image,,Total active: 810,Yes,2026-03-10
2026-03-10,Paved,LinkedIn,Single Image Ad,,PAVE Manufacturing offers unparalleled expertise in creating tailored electrical systems like cable routing and modular …,Revolutionize Your Electrical Systems Today,Static image,,https://www.linkedin.com/ad-library/detail/1362459006?trk=ad_library_ad_preview_content_image,,Total active: 810,Yes,2026-03-10
2026-03-10,Beehiiv,Meta,Video,,​,Aktif ID Galeri: 1438648510455814,Video creative,,https://www.facebook.com/ads/library/?active_status=active&ad_type=all&country=US&q=beehiiv,,Scraped via Playwright,Yes,2026-03-10
2026-03-14,The Hustle,LinkedIn,Single Image Ad,,"If your email strategy isn’t getting stronger, your revenue won’t either.",Build an email revenue channel designed to sc…,Static image,,https://www.linkedin.com/ad-library/detail/1229717304?trk=ad_library_ad_preview_content_image,,Total active: 294,Yes,2026-03-14
2026-03-14,The Hustle,LinkedIn,Single Image Ad,,"If your email strategy isn’t getting stronger, your revenue won’t either.",Build an email revenue channel designed to scale in 2026 and beyond. TALK TO OUR EXPERTS 👈,Static image,,https://www.linkedin.com/ad-library/detail/1146300524?trk=ad_library_ad_preview_content_image,,Total active: 294,Yes,2026-03-14
2026-03-14,Meta Ads,LinkedIn,Single Image Ad,,Australians have embraced messaging. Now brands have an opportunity to meet them there.,📊 98% of Australians use messa…,Static image,,https://www.linkedin.com/ad-library/detail/1191553033,,Total active: 590,Yes,2026-03-14
2026-03-14,Paved,LinkedIn,Single Image Ad,,Retaining wall expertise before you commit.,FREE Preliminary Retaining Wall Design Service,Static image,,https://www.linkedin.com/ad-library/detail/1231600144?trk=ad_library_ad_preview_content_image,,Total active: 811,Yes,2026-03-14
2026-03-14,Paved,LinkedIn,Single Image Ad,,"AG’s Paving + Flagstone solutions are built on decades of expertise, providing the technical performance and sustainabil…",Get In Touch Today,Static image,,https://www.linkedin.com/ad-library/detail/1230034444?trk=ad_library_ad_preview_content_image,,Total active: 811,Yes,2026-03-14
2026-03-14,Paved,LinkedIn,Single Image Ad,,"AG’s Paving + Flagstone solutions are built on decades of expertise, providing the technical performance and sustainabil…",Get In Touch Today,Static image,,https://www.linkedin.com/ad-library/detail/1230514474?trk=ad_library_ad_preview_content_image,,Total active: 811,Yes,2026-03-14
2026-03-14,Paved,LinkedIn,Single Image Ad,,Looking for the Right Brick for Your Next Project? 🧱,Choose AG For Your Next Project,Static image,,https://www.linkedin.com/ad-library/detail/1232284114?trk=ad_library_ad_preview_content_image,,Total active: 811,Yes,2026-03-14
2026-03-14,Paved,LinkedIn,Single Image Ad,,Smarter retaining solutions start with the right system.,Request A Sample Today,Static image,,https://www.linkedin.com/ad-library/detail/1230428114?trk=ad_library_ad_preview_content_image,,Total active: 811,Yes,2026-03-14
2026-03-14,Paved,LinkedIn,Single Image Ad,,Looking for the Right Brick for Your Next Project? 🧱,Choose AG For Your Next Project,Static image,,https://www.linkedin.com/ad-library/detail/1232190694?trk=ad_library_ad_preview_content_image,,Total active: 811,Yes,2026-03-14
2026-03-14,Paved,LinkedIn,Single Image Ad,,Retaining wall expertise before you commit.,FREE Preliminary Retaining Wall Design Service,Static image,,https://www.linkedin.com/ad-library/detail/1231795224?trk=ad_library_ad_preview_content_image,,Total active: 811,Yes,2026-03-14
2026-03-14,Beehiiv,LinkedIn,Single Image Ad,,Revenue Operations Strategist,Promoted by beehiiv,Static image,,https://www.linkedin.com/ad-library/detail/1175415333,,Total active: 327,Yes,2026-03-14
2026-03-14,Beehiiv,LinkedIn,Single Image Ad,,"Newsletter Startup Founder, AI Optimization Expert, Writer, and Innovator | Helping founders launch their profitable newsletter business with beehiiv 🐝",Promoted by beehiiv,Static image,,https://www.linkedin.com/ad-library/detail/1165483183?trk=ad_library_ad_preview_content_image,,Total active: 327,Yes,2026-03-14
2026-03-14,Beehiiv,LinkedIn,Single Image Ad,,Founder & Managing Partner @ Amkan Ventures | Fund of Funds,Amkan Ventures,Static image,,https://www.linkedin.com/ad-library/detail/1177448493?trk=ad_library_ad_preview_content_image,,Total active: 327,Yes,2026-03-14
2026-03-14,Beehiiv,LinkedIn,Single Image Ad,,Reuters tech reporter | Signal: jaspreet.55,Substack challenger beehiiv expects revenue to nearly double on newsletter boom,Static image,,https://www.linkedin.com/ad-library/detail/1177350023?trk=ad_library_ad_preview_content_image,,Total active: 327,Yes,2026-03-14
2026-03-14,Beehiiv,LinkedIn,Single Image Ad,,"Newsletter Startup Founder, AI Optimization Expert, Writer, and Innovator | Helping founders launch their profitable newsletter business with beehiiv 🐝",Promoted by beehiiv,Static image,,https://www.linkedin.com/ad-library/detail/1115088773?trk=ad_library_ad_preview_content_image,,Total active: 327,Yes,2026-03-14
2026-03-14,Beehiiv,LinkedIn,Single Image Ad,,"Newsletter Startup Founder, AI Optimization Expert, Writer, and Innovator | Helping founders launch their profitable newsletter business with beehiiv 🐝",Promoted by beehiiv,Static image,,https://www.linkedin.com/ad-library/detail/1115088763?trk=ad_library_ad_preview_content_image,,Total active: 327,Yes,2026-03-14
2026-03-14,Beehiiv,LinkedIn,Single Image Ad,,"Newsletter Startup Founder, AI Optimization Expert, Writer, and Innovator | Helping founders launch their profitable newsletter business with beehiiv 🐝",Promoted by beehiiv,Static image,,https://www.linkedin.com/ad-library/detail/1178889773?trk=ad_library_ad_preview_content_image,,Total active: 327,Yes,2026-03-14
2026-03-14,Beehiiv,LinkedIn,Single Image Ad,,"Founder & Host of ""The Ravit Show"" | Influencer & Creator | LinkedIn Top Voice | Startups Advisor | Gartner Ambassador | Data & AI Community Builder | Influencer Marketing B2B | Marketing & Media | (Mumbai/San Francisco)",Promoted by beehiiv,Static image,,https://www.linkedin.com/ad-library/detail/1176919223,,Total active: 327,Yes,2026-03-14
2026-03-14,Beehiiv,LinkedIn,Single Image Ad,,"Disciple, husband, father, and entrepreneur, in that order. LDS in DFW. Starting businesses on repeat and posting all about it.",Promoted by beehiiv,Static image,,https://www.linkedin.com/ad-library/detail/1167382513?trk=ad_library_ad_preview_content_image,,Total active: 327,Yes,2026-03-14
2026-03-14,Beehiiv,LinkedIn,Single Image Ad,,"Growth Unhinged | Real-life growth insights, playbooks, and case studies",Promoted by beehiiv,Static image,,https://www.linkedin.com/ad-library/detail/1106487983?trk=ad_library_ad_preview_content_image,,Total active: 327,Yes,2026-03-14
2026-03-14,Beehiiv,LinkedIn,Single Image Ad,,Principal at Harlem Capital | Forbes30u30 | Providing insights to demystify the VC industry🪄,Promoted by beehiiv,Static image,,https://www.linkedin.com/ad-library/detail/1189888263?trk=ad_library_ad_preview_content_image,,Total active: 327,Yes,2026-03-14
2026-03-14,Beehiiv,LinkedIn,Single Image Ad,,Founder & CEO of AdOutreach™ | YouTube Ads & Video Marketing Expert | CEO of ThumbnailCreator.com AI YouTube Thumbnail SaaS | Author of Video Authority | Learn How to use YouTube Ads to Skyrocket Your Leads & Sales! 🚀,beehiiv — The newsletter platform built for growth,Static image,,https://www.linkedin.com/ad-library/detail/1188087883?trk=ad_library_ad_preview_content_image,,Total active: 327,Yes,2026-03-14
2026-03-14,Beehiiv,LinkedIn,Single Image Ad,,"Disciple, husband, father, and entrepreneur, in that order. LDS in DFW. Starting businesses on repeat and posting all about it.",Promoted by beehiiv,Static image,,https://www.linkedin.com/ad-library/detail/1177147953?trk=ad_library_ad_preview_content_image,,Total active: 327,Yes,2026-03-14
2026-03-14,Beehiiv,LinkedIn,Single Image Ad,,Revenue Operations Strategist,Promoted by beehiiv,Static image,,https://www.linkedin.com/ad-library/detail/1177740033,,Total active: 327,Yes,2026-03-14
2026-03-14,Beehiiv,LinkedIn,Single Image Ad,,Cooking Show Host🧑🍳//Exec Marketer//My brownies made Craig quit LinkedIn//krys@rpdnk.tv,Nostalgic Cosmic Brownies: Retro Dessert Reimagined for Adults,Static image,,https://www.linkedin.com/ad-library/detail/1177147963?trk=ad_library_ad_preview_content_image,,Total active: 327,Yes,2026-03-14
2026-05-04,Morning Brew,LinkedIn,Single Image Ad,,My video ad about video ads #ad,Paid partnership w/ LinkedIn,Static image,,https://www.linkedin.com/ad-library/detail/1205285743,,Total active: 131,Yes,2026-05-04
2026-05-04,The Hustle,LinkedIn,Single Image Ad,,Most employees want to create polished presentations — but lack the design skills to do it well.,"Request Corporate Training Brochure and Consultation Today | Claim up to $10,000 SkillsFuture Enterprise Credits",Static image,,https://www.linkedin.com/ad-library/detail/1400331476?trk=ad_library_ad_preview_content_image,,Total active: 358,Yes,2026-05-04
2026-05-04,The Hustle,LinkedIn,Single Image Ad,,Your brand inconsistency is costing you more than you think.,Request Program Outline Brochure | Up tp 90% SkillsFuture Enterprise Credits Claimable,Static image,,https://www.linkedin.com/ad-library/detail/1400201776?trk=ad_library_ad_preview_content_image,,Total active: 358,Yes,2026-05-04
2026-05-04,The Hustle,LinkedIn,Single Image Ad,,Your business may have a logo…,Request the Course Outline Brochure | SkillsFuture Credits Claimable,Static image,,https://www.linkedin.com/ad-library/detail/1400310966?trk=ad_library_ad_preview_content_image,,Total active: 358,Yes,2026-05-04
2026-05-04,The Hustle,LinkedIn,Single Image Ad,,"Upskilling your marketing team into AI-ready, high-impact marketing professionals.",Corporate Training for Modern Marketing Teams | Request Corporate Training Brochure Today,Static image,,https://www.linkedin.com/ad-library/detail/1390315176?trk=ad_library_ad_preview_content_image,,Total active: 358,Yes,2026-05-04
2026-05-04,The Hustle,LinkedIn,Single Image Ad,,"Upskilling your team into AI-ready, high-impact marketing professionals.",SkillsFuture Enterprise Credits Claimbale Training | Request Corporate Training Brochure Today,Static image,,https://www.linkedin.com/ad-library/detail/1392012996?trk=ad_library_ad_preview_content_image,,Total active: 358,Yes,2026-05-04
2026-05-04,The Hustle,LinkedIn,Single Image Ad,,Your business may have a logo…,Request the Course Outline Brochure | SkillsFuture Credits Claimable,Static image,,https://www.linkedin.com/ad-library/detail/1395807386?trk=ad_library_ad_preview_content_image,,Total active: 358,Yes,2026-05-04
2026-05-04,The Hustle,LinkedIn,Single Image Ad,,"Build a Team That Thinks, Designs, and Executes Better",What if your team could:,Static image,,https://www.linkedin.com/ad-library/detail/1403490806?trk=ad_library_ad_preview_content_image,,Total active: 358,Yes,2026-05-04
2026-05-04,The Hustle,LinkedIn,Single Image Ad,,Your brand inconsistency is costing you more than you think.,"Request Course Outline Brochure | Up to $10,000 Claimable SkillsFuture Enterprise Credits",Static image,,https://www.linkedin.com/ad-library/detail/1400172146?trk=ad_library_ad_preview_content_image,,Total active: 358,Yes,2026-05-04
2026-05-04,The Hustle,LinkedIn,Single Image Ad,,"Turn your team into high-performing, execution-driven professionals.","In this corprorate program, you’ll discover:",Static image,,https://www.linkedin.com/ad-library/detail/1403392536?trk=ad_library_ad_preview_content_image,,Total active: 358,Yes,2026-05-04
2026-05-04,The Hustle,LinkedIn,Single Image Ad,,"Upskilling your team into AI-ready, high-impact marketing professionals.",Corporate Training for Modern Marketing Teams | Request Corporate Training Brochure Today,Static image,,https://www.linkedin.com/ad-library/detail/1390846456?trk=ad_library_ad_preview_content_image,,Total active: 358,Yes,2026-05-04
2026-05-04,The Hustle,LinkedIn,Single Image Ad,,"Upskilling your team into AI-ready, high-impact marketing professionals.",SkillsFuture Enterprise Credits Claimable for Companies | Request Corporate Training Brochure Today,Static image,,https://www.linkedin.com/ad-library/detail/1392003116?trk=ad_library_ad_preview_content_image,,Total active: 358,Yes,2026-05-04
2026-05-04,The Hustle,LinkedIn,Single Image Ad,,"Upskilling your team into AI-ready, high-impact marketing professionals.",SkillsFuture Claimable Training for Companies | Request Corporate Training Brochure Today,Static image,,https://www.linkedin.com/ad-library/detail/1391892796?trk=ad_library_ad_preview_content_image,,Total active: 358,Yes,2026-05-04
2026-05-04,The Hustle,LinkedIn,Single Image Ad,,Built by me. Built for all of us.,I didn’t start HustleHub with everything figured out.,Static image,,https://www.linkedin.com/ad-library/detail/1398921066?trk=ad_library_ad_preview_content_image,,Total active: 358,Yes,2026-05-04
2026-05-04,The Hustle,LinkedIn,Single Image Ad,,"Learn how to create impactful pitch decks, proposals, sales reports, marketing materials, and presentations that stand o…",Turn Presentations & Reports into Engaging Visuals with Canva | Limited Slots Only,Static image,,https://www.linkedin.com/ad-library/detail/1403421646?trk=ad_library_ad_preview_content_image,,Total active: 358,Yes,2026-05-04
2026-05-04,The Hustle,LinkedIn,Single Image Ad,,Does your team design presentations that actually influence decisions?,"Request Corporate Training Brochure and Consultation Today | Claim up to $10,000 SkillsFuture Enterprise Credits",Static image,,https://www.linkedin.com/ad-library/detail/1400212316?trk=ad_library_ad_preview_content_image,,Total active: 358,Yes,2026-05-04
2026-05-04,Hacker News,LinkedIn,Single Image Ad,,AI is changing how sales teams work. Join us for an evening with the leaders and startups at the frontier.,> Hear how t…,Static image,,https://www.linkedin.com/ad-library/detail/1392320236?trk=ad_library_ad_preview_content_image,,Total active: 4,Yes,2026-05-04
2026-05-04,Meta Ads,LinkedIn,Single Image Ad,,"Join industry leaders and Meta experts for a deep-dive into the tools, tactics, and insights driving real business growt…",Register now: Virtual Meta Performance Marketing Summit 5/13,Static image,,https://www.linkedin.com/ad-library/detail/1400225496?trk=ad_library_ad_preview_content_image,,Total active: 592,Yes,2026-05-04
2026-05-04,Meta Ads,LinkedIn,Single Image Ad,,"Hi %FIRSTNAME%,Its my pleasure to invite you to join me and other industry experts online, February 26th, for the WhatsApp Business Summit.nbsp;Ops leaders want to make their customer interactions simpler, more efficient, and scalable. Recently commissioned research found that a composite organization experienced an ROI of 275% from adopting WhatsApp for Business over three years, with a Net Present Value of USD $21.8 million.We’ll be diving deeper into this research, sharing best practices, and",Elie Antoun,Static image,,https://www.linkedin.com/ad-library/detail/1064982326,,Total active: 592,Yes,2026-05-04
2026-05-04,Paved,LinkedIn,Single Image Ad,,Quick question—are you going to The Newsletter Conference?,NYC Publisher Breakfast — May 15,Static image,,https://www.linkedin.com/ad-library/detail/1285997244?trk=ad_library_ad_preview_content_image,,Total active: 883,Yes,2026-05-04
2026-05-04,Paved,LinkedIn,Single Image Ad,,"As inflation slows, consumers aren't pulling back spend. They're shifting it. Find out how this shift affects on-time pa…",See How Behavioral Shifts Are Reshaping Consumer Credit Patterns,Static image,,https://www.linkedin.com/ad-library/detail/1395482896?trk=ad_library_ad_preview_content_image,,Total active: 883,Yes,2026-05-04
2026-05-04,Paved,LinkedIn,Single Image Ad,,"Credit consumers are optimizing when, not whether, they pay. See how changing credit use impacts on-time payments and li…",Download The New Q1 Consumer Health Index Report,Static image,,https://www.linkedin.com/ad-library/detail/1395323236?trk=ad_library_ad_preview_content_image,,Total active: 883,Yes,2026-05-04
2026-05-04,Paved,LinkedIn,Single Image Ad,,"Right now, you're probably locking in your 2026 compensation strategy and hoping it holds up. But a good strategy isn’t …",2026 Compensation Budgets & Trends Report,Static image,,https://www.linkedin.com/ad-library/detail/1392138186?trk=ad_library_ad_preview_content_image,,Total active: 883,Yes,2026-05-04
2026-05-04,Paved,LinkedIn,Single Image Ad,,Timing distortions lead to false risk signals and lost revenue. Distinguish timing-driven NSF from real delinquency.,Recover 80% of your NSF failures,Static image,,https://www.linkedin.com/ad-library/detail/1395462926?trk=ad_library_ad_preview_content_image,,Total active: 883,Yes,2026-05-04
2026-05-04,Paved,LinkedIn,Single Image Ad,,Capture 80% of funds that are predictably available on payday.,Is your risk model hallucinating?,Static image,,https://www.linkedin.com/ad-library/detail/1395343596?trk=ad_library_ad_preview_content_image,,Total active: 883,Yes,2026-05-04
2026-05-04,Paved,LinkedIn,Single Image Ad,,"1 in 3 missed BNPL payments is driven by timing, not borrower risk. Download this case study and learn how to distinguis…",80% of your pre-payday failures are false alarms [Case Study],Static image,,https://www.linkedin.com/ad-library/detail/1395353326?trk=ad_library_ad_preview_content_image,,Total active: 883,Yes,2026-05-04
2026-05-04,Paved,LinkedIn,Single Image Ad,,"Most paving contractors manage pieces of the process. Johnson & Sons owns all of it. We operate our own asphalt plant, p…",Built to handle your biggest paving projects.,Static image,,https://www.linkedin.com/ad-library/detail/1399120956?trk=ad_library_ad_preview_content_image,,Total active: 883,Yes,2026-05-04
2026-05-04,Paved,LinkedIn,Single Image Ad,,"AG’s Retaining Wall Guide is designed to support architects, engineers, contractors and house builders in specifying ret…",Specification Guide for Retaining Walls,Static image,,https://www.linkedin.com/ad-library/detail/1278104624?trk=ad_library_ad_preview_content_image,,Total active: 883,Yes,2026-05-04
2026-05-04,Paved,LinkedIn,Single Image Ad,,Timing distortions lead to false risk signals and lost revenue. Distinguish timing-driven NSF from real delinquency.,Recover 80% of your NSF failures,Static image,,https://www.linkedin.com/ad-library/detail/1395393436?trk=ad_library_ad_preview_content_image,,Total active: 883,Yes,2026-05-04
2026-05-04,Paved,LinkedIn,Single Image Ad,,Q1 saw slower inflation and stable payrolls. What does that mean for consumer liquidity and credit? Download the report …,[New Report] What Slower Inflation Means For Consumer Credit,Static image,,https://www.linkedin.com/ad-library/detail/1392347696?trk=ad_library_ad_preview_content_image,,Total active: 883,Yes,2026-05-04
2026-05-04,Paved,LinkedIn,Single Image Ad,,"The question is no longer if compensation leader should explore AI, it's how to do it right. Pave surveyed top compensat…",,Static image,,https://www.linkedin.com/ad-library/detail/1392220206?trk=ad_library_ad_preview_content_image,,Total active: 883,Yes,2026-05-04
2026-05-04,Paved,LinkedIn,Single Image Ad,,Capture 80% of funds that are predictably available on payday.,Is your risk model hallucinating?,Static image,,https://www.linkedin.com/ad-library/detail/1395333496?trk=ad_library_ad_preview_content_image,,Total active: 883,Yes,2026-05-04
2026-05-04,Paved,LinkedIn,Single Image Ad,,"Meet Heathfield - AG’s new perforated concrete facing brick, crafted with a creased, clay-like finish.",Introducing AG's latest product,Static image,,https://www.linkedin.com/ad-library/detail/1279704394?trk=ad_library_ad_preview_content_image,,Total active: 883,Yes,2026-05-04
2026-05-04,Paved,LinkedIn,Single Image Ad,,Smarter retaining solutions start with the right system.,Diamond Pro Air | Revolutionary Retaining Wall Block,Static image,,https://www.linkedin.com/ad-library/detail/1278004294?trk=ad_library_ad_preview_content_image,,Total active: 883,Yes,2026-05-04
2026-05-04,Beehiiv,LinkedIn,Single Image Ad,,I’ll roast your sales call | Helping founders see what’s costing them deals,Promoted by beehiiv,Static image,,https://www.linkedin.com/ad-library/detail/1205796013?trk=ad_library_ad_preview_content_image,,Total active: 306,Yes,2026-05-04
2026-05-04,Beehiiv,LinkedIn,Single Image Ad,,Building the Creative Middle Class at Creator Access Network.,Promoted by beehiiv,Static image,,https://www.linkedin.com/ad-library/detail/1209797663,,Total active: 306,Yes,2026-05-04
2026-05-04,Beehiiv,LinkedIn,Single Image Ad,,Lead magnets & newsletters | → leadletters.digital | Trainer @ TELUS Digital | Writer & Editor @ LeadMagnet.club,Promoted by beehiiv,Static image,,https://www.linkedin.com/ad-library/detail/1210297873?trk=ad_library_ad_preview_content_image,,Total active: 306,Yes,2026-05-04
2026-05-04,Beehiiv,LinkedIn,Single Image Ad,,your business Mom 👩🏻🍼💜,Promoted by beehiiv,Static image,,https://www.linkedin.com/ad-library/detail/1252900073?trk=ad_library_ad_preview_content_image,,Total active: 306,Yes,2026-05-04
2026-05-04,Stratechery,Meta,Static (Image),,​,Active Library ID: 1196612409072684,Static image,,https://www.facebook.com/ads/library/?active_status=active&ad_type=all&country=US&q=Stratechery,,Scraped via Playwright,Yes,2026-05-04
2026-05-04,Bytes.dev,Meta,Static (Image),,​,Active Library ID: 1269740667959802,Static image,,https://www.facebook.com/ads/library/?active_status=active&ad_type=all&country=US&q=Bytes.dev,,Scraped via Playwright,Yes,2026-05-04
